parameter,truth,nominal
m_shoulder_pan_joint,9.2785424448557379,7.7779999999999996
mx_shoulder_pan_joint,0.074257512849005267,0
my_shoulder_pan_joint,0.18162523855835286,0
mz_shoulder_pan_joint,0.41584445326358582,0
Ixx_shoulder_pan_joint,0.056064381884902571,0.031474312576936593
Ixy_shoulder_pan_joint,-0.0020089596323490944,0
Iyy_shoulder_pan_joint,0.059896101501369682,0.031474312576936593
Ixz_shoulder_pan_joint,-0.0031152023030816644,0
Iyz_shoulder_pan_joint,-0.0086161252780670369,0
Izz_shoulder_pan_joint,0.029054883664591608,0.021875624999999996
m_shoulder_lift_joint,13.11759619519256,12.93
mx_shoulder_lift_joint,-3.6324529832947858,-3.9565799999999998
my_shoulder_lift_joint,0.19965971135572402,0
mz_shoulder_lift_joint,2.3275010088266241,2.2627499999999996
Ixx_shoulder_lift_joint,0.4724957659450626,0.43234687499999996
Ixy_shoulder_lift_joint,0.14358514888394841,0
Iyy_shoulder_lift_joint,1.967482800655306,2.0284485337984108
Ixz_shoulder_lift_joint,0.67481034607286394,0.69240149999999978
Iyz_shoulder_lift_joint,-0.04071676833499753,0
Izz_shoulder_lift_joint,1.5706657882377348,1.6324672837984109
m_elbow_joint,2.9980303572357689,3.8700000000000001
mx_elbow_joint,-0.81757075751537134,-1.1059492499999997
my_elbow_joint,0.051832119321485869,0
mz_elbow_joint,0.073321927814225363,0.15209099999999995
Ixx_elbow_joint,0.032298790190650635,0.016861551299999999
Ixy_elbow_joint,-0.01200278696243681,0
Iyy_elbow_joint,0.33162376306504676,0.43282284870777182
Ixz_elbow_joint,0.046952244625396225,0.043463805524999947
Iyz_elbow_joint,0.0070361746218430389,0
Izz_elbow_joint,0.3252772353116774,0.42684567240777183
m_wrist_1_joint,1.9906062006934069,1.96
mx_wrist_1_joint,0.015055453127798574,0
my_wrist_1_joint,-0.03534463628239469,0
mz_wrist_1_joint,-0.078859714639162998,0
Ixx_wrist_1_joint,0.0088004671270781737,0.0051082479566999994
Ixy_wrist_1_joint,0.0003269666689367185,0
Iyy_wrist_1_joint,0.0089898255083484049,0.0051082479566999994
Ixz_wrist_1_joint,0.00049664802887759176,0
Iyz_wrist_1_joint,-0.0015451098200619745,0
Izz_wrist_1_joint,0.00706653446458721,0.0055124999999999992
m_wrist_2_joint,1.7648914317478046,1.96
mx_wrist_2_joint,-0.050123549805107311,0
my_wrist_2_joint,-0.060227632793615558,0
mz_wrist_2_joint,0.068858135606180454,0
Ixx_wrist_2_joint,0.0093929984597866632,0.0051082479566999994
Ixy_wrist_2_joint,-0.0017157972731551932,0
Iyy_wrist_2_joint,0.0083896514947694543,0.0051082479566999994
Ixz_wrist_2_joint,0.00194821686452912,0
Iyz_wrist_2_joint,0.0022873440554121616,0
Izz_wrist_2_joint,0.0081370175684554735,0.0055124999999999992
m_wrist_3_joint,0.43339981644363229,0.47400000000000009
mx_wrist_3_joint,0.0021084995685269801,-0.0013618153318366135
my_wrist_3_joint,-0.013159920160940702,-0.0095502871808523376
mz_wrist_3_joint,-0.014521986743939504,-0.0046899895247451704
Ixx_wrist_3_joint,0.004749118229401157,0.0038666771550539963
Ixy_wrist_3_joint,7.909625058031388e-05,-0.00018652554541069523
Iyy_wrist_3_joint,0.006676657912177847,0.0061748731375646689
Ixz_wrist_3_joint,-0.00034265986279775039,4.0949299973973887e-06
Iyz_wrist_3_joint,-0.00032905630356971482,4.5182723511901787e-05
Izz_wrist_3_joint,0.0076441421947078033,0.0072031825645269172
