t,torso_lift_joint_position,torso_lift_joint_velocity,torso_lift_joint_effort
0.0,0.014230979748221127,2.220446049250313e-16,-3.99
0.008595705032348633,0.014230979748221127,2.220446049250313e-16,-3.99
0.018606901168823242,0.014230979748221127,2.220446049250313e-16,-4.001
0.028985261917114258,0.014230979748221127,2.220446049250313e-16,-4.001
0.03855109214782715,0.014230979748221127,2.220446049250313e-16,-4.001
0.04834175109863281,0.014230979748221127,2.220446049250313e-16,-4.012
0.05916023254394531,0.014230979748221127,2.220446049250313e-16,-4.001
0.06871747970581055,0.014230979748221127,2.220446049250313e-16,-4.001
0.0786750316619873,0.014230979748221127,2.220446049250313e-16,-4.023
0.08857583999633789,0.014230979748221127,2.220446049250313e-16,-3.99
0.09990191459655762,0.014230979748221127,2.220446049250313e-16,-4.001
0.10834813117980957,0.014230979748221127,2.220446049250313e-16,-3.99
0.11840510368347168,0.014230979748221127,2.220446049250313e-16,-4.001
0.1294543743133545,0.014230979748221127,2.220446049250313e-16,-4.001
0.1387636661529541,0.014230979748221127,2.220446049250313e-16,-4.012
0.14841079711914062,0.014230979748221127,2.220446049250313e-16,-4.001
0.1584477424621582,0.014230979748221127,2.220446049250313e-16,-4.012
0.16888213157653809,0.014230979748221127,2.220446049250313e-16,-4.001
0.1783609390258789,0.014230979748221127,2.220446049250313e-16,-4.001
0.18843579292297363,0.014230979748221127,2.220446049250313e-16,-3.99
0.19977450370788574,0.014230979748221127,2.220446049250313e-16,-4.001
0.20908546447753906,0.014230979748221127,2.220446049250313e-16,-4.001
0.2185654640197754,0.014230979748221127,2.220446049250313e-16,-4.001
0.22849369049072266,0.014230979748221127,2.220446049250313e-16,-3.99
0.2386617660522461,0.014230979748221127,2.220446049250313e-16,-4.012
0.2483518123626709,0.014230979748221127,2.220446049250313e-16,-3.99
0.25855565071105957,0.014230979748221127,2.220446049250313e-16,-4.001
0.2697789669036865,0.014230979748221127,2.220446049250313e-16,-4.001
0.27826499938964844,0.014230979748221127,2.220446049250313e-16,-4.001
0.2885279655456543,0.014230979748221127,2.220446049250313e-16,-4.001
0.3001730442047119,0.014230979748221127,2.220446049250313e-16,-4.001
0.30933213233947754,0.014230979748221127,2.220446049250313e-16,-4.001
0.3192636966705322,0.014230979748221127,2.220446049250313e-16,-3.99
0.3290536403656006,0.014230979748221127,2.220446049250313e-16,-4.001
0.33941102027893066,0.014230979748221127,2.220446049250313e-16,-4.001
0.3487720489501953,0.014230979748221127,2.220446049250313e-16,-3.99
0.3583970069885254,0.014230979748221127,2.220446049250313e-16,-4.001
0.3688066005706787,0.014230979748221127,2.220446049250313e-16,-3.99
0.37845921516418457,0.014230979748221127,2.220446049250313e-16,-4.001
0.38890838623046875,0.014230979748221127,2.220446049250313e-16,-4.001
0.3995227813720703,0.014230979748221127,2.220446049250313e-16,-4.001
0.40905237197875977,0.014230979748221127,2.220446049250313e-16,-4.001
0.418682336807251,0.014230979748221127,2.220446049250313e-16,-4.001
0.42935776710510254,0.014230979748221127,2.220446049250313e-16,-3.99
0.43947911262512207,0.014230979748221127,2.220446049250313e-16,-4.001
0.4486825466156006,0.014230979748221127,2.220446049250313e-16,-4.001
0.4584202766418457,0.014230979748221127,2.220446049250313e-16,-4.001
0.468656063079834,0.014230979748221127,2.220446049250313e-16,-4.001
0.47837042808532715,0.014230979748221127,2.220446049250313e-16,-4.012
0.488720178604126,0.014191883650011729,-0.00018874601437912216,-3.826
0.49906444549560547,0.014191883650011729,-0.00017930871366016605,-3.968
0.5086898803710938,0.014191883650011729,-0.00017034327797715775,-4.001
0.5183978080749512,0.014191883650011729,-0.00016182611407829984,-3.99
0.5291147232055664,0.014191883650011729,-0.00015373480837438483,-3.99
0.5390470027923584,0.014191883650011729,-0.00014604806795566559,-3.99
0.5485439300537109,0.014191883650011729,-0.0001387456645578823,-4.001
0.558281660079956,0.014191883650011729,-0.00013180838132998817,-4.012
0.5686726570129395,0.014191883650011729,-0.00012521796226348876,-3.99
0.5783154964447021,0.014191883650011729,-0.00011895706415031431,-3.979
0.5883424282073975,0.014191883650011729,-0.00011300921094279859,-4.012
0.5987319946289062,0.014191883650011729,-0.00010735875039565865,-4.001
0.6101212501525879,0.014191883650011729,-0.00010199081287587572,-4.023
0.6190917491912842,0.014191883650011729,-9.689127223208193e-05,-3.99
0.6291379928588867,0.014191883650011729,-9.204670862047783e-05,-4.012
0.6386063098907471,0.014191883650011729,-8.744437318945393e-05,-4.001
0.6483974456787109,0.014191883650011729,-8.307215452998124e-05,-3.99
0.6586000919342041,0.014191883650011729,-7.891854680348218e-05,-4.001
0.6689298152923584,0.014191883650011729,-7.497261946330807e-05,-4.012
0.6793651580810547,0.014191883650011729,-7.122398849014266e-05,-3.99
0.6884229183197021,0.014191883650011729,-6.766278906563552e-05,-4.012
0.6984598636627197,0.014191883650011729,-6.427964961235374e-05,-4.001
0.7093183994293213,0.014191883650011729,-6.106566713173604e-05,-3.99
0.7185702323913574,0.014191883650011729,-5.801238377514924e-05,-4.001
0.7283775806427002,0.014191883650011729,-5.511176458639177e-05,-3.99
0.739778995513916,0.014191883650011729,-5.235617635707218e-05,-4.001
0.7489461898803711,0.014191883650011729,-4.9738367539218566e-05,-3.979
0.7583341598510742,0.014191883650011729,-4.725144916225764e-05,-4.012
0.7687475681304932,0.014191883650011729,-4.4888876704144755e-05,-3.99
0.779707670211792,0.014191883650011729,-4.264443286893751e-05,-4.001
0.7884812355041504,0.014191883650011729,-4.051221122549064e-05,-4.012
0.7986376285552979,0.014191883650011729,-3.8486600664216103e-05,-4.001
0.8088710308074951,0.014191883650011729,-3.65622706310053e-05,-3.99
0.8194024562835693,0.014191883650011729,-3.473415709945503e-05,-4.001
0.8283243179321289,0.014191883650011729,-3.2997449244482275e-05,-3.99
0.8389794826507568,0.014191883650011729,-3.134757678225816e-05,-4.012
0.8493754863739014,0.014191883650011729,-2.9780197943145252e-05,-4.012
0.8588168621063232,0.014191883650011729,-2.829118804598799e-05,-4.012
0.8684022426605225,0.014191883650011729,-2.6876628643688586e-05,-3.99
0.8791985511779785,0.014191883650011729,-2.5532797211504156e-05,-3.99
0.8884947299957275,0.014191883650011729,-2.4256157350928947e-05,-3.99
0.8983814716339111,0.014191883650011729,-2.30433494833825e-05,-3.99
0.9087481498718262,0.014191883650011729,-2.1891182009213373e-05,-3.99
0.9185047149658203,0.014191883650011729,-2.0796622908752705e-05,-3.99
0.9285457134246826,0.014191883650011729,-1.975679176331507e-05,-4.001
0.9387171268463135,0.014191883650011729,-1.8768952175149315e-05,-3.99
0.9489684104919434,0.014191883650011729,-1.783050456639185e-05,-4.012
0.9582972526550293,0.014191883650011729,-1.6938979338072256e-05,-3.99
0.969062089920044,0.014191883650011729,-1.609203037116864e-05,-4.001
0.9797136783599854,0.014191883650011729,-1.5287428852610207e-05,-4.001
0.9883646965026855,0.014191883650011729,-1.4523057409979697e-05,-4.001
0.9986481666564941,0.014191883650011729,-1.3796904539480711e-05,-4.012
1.0085594654083252,0.014191883650011729,-1.3107059312506675e-05,-4.001
1.018848180770874,0.014191883650011729,-1.245170634688134e-05,-3.99
1.028425931930542,0.014191883650011729,-1.1829121029537273e-05,-4.012
1.0392613410949707,0.014191883650011729,-1.1237664978060408e-05,-3.99
1.0486109256744385,0.014191883650011729,-1.0675781729157388e-05,-4.001
1.0587880611419678,0.014191883650011729,-1.0141992642699519e-05,-3.99
1.0682988166809082,0.014191883650011729,-9.634893010564543e-06,-3.99
1.078566312789917,0.014191883650011729,-9.153148360036315e-06,-3.99
1.0886096954345703,0.014191883650011729,-8.695490942034498e-06,-4.001
1.0994670391082764,0.014191883650011729,-8.260716394932773e-06,-3.99
1.1093239784240723,0.014191883650011729,-7.847680575186134e-06,-4.001
1.11936616897583,0.014191883650011729,-7.455296546426826e-06,-3.979
1.1283338069915771,0.014191883650011729,-7.082531719105484e-06,-4.001
1.138249397277832,0.014191883650011729,-6.72840513315021e-06,-4.001
1.1497266292572021,0.014191883650011729,-6.391984876492699e-06,-4.001
1.1583516597747803,0.014191883650011729,-6.072385632668064e-06,-4.001
1.1684095859527588,0.014191883650011729,-5.768766351034661e-06,-4.001
1.1788825988769531,0.014191883650011729,-5.480328033482928e-06,-3.99
1.1887335777282715,0.014191883650011729,-5.206311631808781e-06,-4.001
1.198685646057129,0.014191883650011729,-4.945996050218342e-06,-4.012
1.2084119319915771,0.014191883650011729,-4.698696247707424e-06,-4.012
1.2184734344482422,0.014191883650011729,-4.463761435322052e-06,-4.001
1.2283666133880615,0.014191883650011729,-4.24057336355595e-06,-4.012
1.238410234451294,0.014191883650011729,-4.0285446953781524e-06,-4.001
1.2493185997009277,0.014191883650011729,-3.827117460609245e-06,-4.001
1.2585763931274414,0.014191883650011729,-3.6357615875787824e-06,-3.99
1.2687733173370361,0.014191883650011729,-3.453973508199843e-06,-4.001
1.2787938117980957,0.014191883650011729,-3.2812748327898506e-06,-3.99
1.288555383682251,0.014191883650011729,-3.1172110911503578e-06,-4.001
1.2986650466918945,0.014191883650011729,-2.96135053659284e-06,-4.012
1.3085277080535889,0.014191883650011729,-2.8132830097631978e-06,-4.023
1.3185763359069824,0.014191883650011729,-2.672618859275038e-06,-3.99
1.3289098739624023,0.014191883650011729,-2.538987916311286e-06,-4.001
1.3383324146270752,0.014191883650011729,-2.4120385204957213e-06,-4.012
1.3484649658203125,0.014191883650011729,-2.2914365944709352e-06,-4.001
1.3583168983459473,0.014191883650011729,-2.1768647647473884e-06,-4.012
1.3688108921051025,0.014191883650011729,-2.0680215265100187e-06,-4.001
1.3789453506469727,0.014191883650011729,-1.9646204501845177e-06,-4.001
1.3887386322021484,0.014191883650011729,-1.8663894276752918e-06,-4.001
1.4003801345825195,0.014191883650011729,-1.7730699562915272e-06,-4.012
1.4084367752075195,0.014191883650011729,-1.6844164584769508e-06,-4.012
1.4184825420379639,0.014191883650011729,-1.6001956355531033e-06,-4.012
1.4284656047821045,0.014191883650011729,-1.520185853775448e-06,-4.012
1.4383833408355713,0.014191883650011729,-1.4441765610866755e-06,-3.99
1.4483709335327148,0.014191883650011729,-1.3719677330323417e-06,-4.001
1.4582700729370117,0.014191883650011729,-1.3033693463807246e-06,-4.012
1.4684860706329346,0.014191883650011729,-1.2382008790616883e-06,-4.001
1.4783341884613037,0.014191883650011729,-1.1762908351086038e-06,-4.012
1.488614559173584,0.014191883650011729,-1.1174762933531735e-06,-3.99
1.5002648830413818,0.014191883650011729,-1.0616024786855148e-06,-4.001
1.5094003677368164,0.014191883650011729,-1.008522354751239e-06,-4.012
1.519322156906128,0.014191883650011729,-9.58096237013677e-07,-3.99
1.5283141136169434,0.014191883650011729,-9.101914251629932e-07,-4.001
1.5388283729553223,0.014191883650011729,-8.646818539048435e-07,-4.012
1.5489466190338135,0.014191883650011729,-8.214477612096013e-07,-4.001
1.5583372116088867,0.014191883650011729,-7.803753731491212e-07,-3.979
1.5693104267120361,0.014191883650011729,-7.413566044916651e-07,-4.001
1.5784780979156494,0.014191883650011729,-7.042887742670818e-07,-3.99
1.5885684490203857,0.014191883650011729,-6.690743355537276e-07,-3.99
1.5987186431884766,0.014191883650011729,-6.356206187760413e-07,-4.023
1.6086640357971191,0.014191883650011729,-6.038395878372392e-07,-4.012
1.6192986965179443,0.014191883650011729,-5.736476084453772e-07,-4.001
1.6284382343292236,0.014191883650011729,-5.449652280231084e-07,-4.012
1.6394965648651123,0.014191883650011729,-5.17716966621953e-07,-3.968
1.6489930152893066,0.014191883650011729,-4.918311182908552e-07,-4.001
1.6589014530181885,0.014191883650011729,-4.6723956237631243e-07,-4.001
1.6692166328430176,0.014191883650011729,-4.438775842574968e-07,-3.99
1.679245948791504,0.014191883650011729,-4.2168370504462195e-07,-4.001
1.6891460418701172,0.014191883650011729,-4.0059951979239083e-07,-4.001
1.6985259056091309,0.014191883650011729,-3.8056954380277125e-07,-4.023
1.7088406085968018,0.014191883650011729,-3.6154106661263267e-07,-3.99
1.7192213535308838,0.014191883650011729,-3.43464013282001e-07,-3.99
1.728410005569458,0.014191883650011729,-3.262908126179009e-07,-3.99
1.7383310794830322,0.014191883650011729,-3.099762719870059e-07,-4.001
1.7492575645446777,0.014191883650011729,-2.9447745838765555e-07,-4.001
1.7583155632019043,0.014191883650011729,-2.797535854682728e-07,-3.99
1.7682950496673584,0.014191883650011729,-2.6576590619485914e-07,-3.99
1.779073715209961,0.014191883650011729,-2.524776108851162e-07,-4.001
1.789020299911499,0.014191883650011729,-2.3985373034086035e-07,-3.99
1.7983827590942383,0.014191883650011729,-2.278610438238173e-07,-4.001
1.8083977699279785,0.014191883650011729,-2.1646799163262643e-07,-3.99
1.8193771839141846,0.014191883650011729,-2.056445920509951e-07,-4.023
1.8283734321594238,0.014191883650011729,-1.9536236244844533e-07,-3.99
1.8381989002227783,0.014191883650011729,-1.8559424432602306e-07,-4.012
1.8489456176757812,0.014191883650011729,-1.763145321097219e-07,-4.001
1.859001874923706,0.014191883650011729,-1.674988055042358e-07,-4.001
1.8683388233184814,0.014191883650011729,-1.59123865229024e-07,-3.99
1.8787555694580078,0.014191883650011729,-1.511676719675728e-07,-4.001
1.8889875411987305,0.014191883650011729,-1.4360928836919414e-07,-4.012
1.8992295265197754,0.014191883650011729,-1.3642882395073443e-07,-4.001
1.9085588455200195,0.014191883650011729,-1.296073827531977e-07,-4.001
1.9195456504821777,0.014191883650011729,-1.2312701361553782e-07,-4.001
1.928407907485962,0.014191883650011729,-1.1697066293476092e-07,-4.001
1.9383935928344727,0.014191883650011729,-1.1112212978802286e-07,-4.001
1.948211908340454,0.014191883650011729,-1.0556602329862171e-07,-4.001
1.958442211151123,0.014191883650011729,-1.0028772213369063e-07,-4.001
1.969609022140503,0.014191883650011729,-9.52733360270061e-08,-4.001
1.9782638549804688,0.014191883650011729,-9.050966922565578e-08,-3.979
1.9898240566253662,0.014191883650011729,-8.5984185764373e-08,-4.012
1.9988596439361572,0.014191883650011729,-8.168497647615434e-08,-4.001
2.008366107940674,0.014191883650011729,-7.760072765234662e-08,-4.012
2.018735408782959,0.014191883650011729,-7.372069126972928e-08,-4.001
2.028630018234253,0.014191883650011729,-7.003465670624281e-08,-4.012
2.038377046585083,0.014191883650011729,-6.653292387093066e-08,-4.023
2.048492670059204,0.014191883650011729,-6.320627767738412e-08,-4.001
2.059523105621338,0.014191883650011729,-6.004596379351491e-08,-3.979
2.0683481693267822,0.014191883650011729,-5.704366560383916e-08,-3.99
2.0783960819244385,0.014191883650011729,-5.41914823236472e-08,-4.012
2.0895748138427734,0.014191883650011729,-5.148190820746484e-08,-4.012
2.0992562770843506,0.014191883650011729,-4.89078127970916e-08,-4.001
2.1083760261535645,0.014191883650011729,-4.6462422157237014e-08,-4.001
2.1189191341400146,0.014191883650011729,-4.413930104937516e-08,-3.99
2.12931227684021,0.014191883650011729,-4.19323359969064e-08,-4.001
2.138457775115967,0.014191883650011729,-3.983571919706108e-08,-3.99
2.1484291553497314,0.014191883650011729,-3.784393323720802e-08,-3.99
2.158740997314453,0.014191883650011729,-3.595173657534762e-08,-4.001
2.1683552265167236,0.014191883650011729,-3.4154149746580233e-08,-4.012
2.1786086559295654,0.014191883650011729,-3.244644225925122e-08,-4.001
2.1890017986297607,0.014191883650011729,-3.082412014628866e-08,-4.001
2.2001538276672363,0.014191883650011729,-2.9282914138974228e-08,-3.979
2.2093262672424316,0.014191883650011729,-2.7818768432025516e-08,-3.979
2.2191715240478516,0.014191883650011729,-2.6427830010424238e-08,-4.012
2.229799747467041,0.014191883650011729,-2.5106438509903025e-08,-3.99
2.2392194271087646,0.014191883650011729,-2.3851116584407874e-08,-4.012
2.248473644256592,0.014191883650011729,-2.265856075518748e-08,-4.001
2.2588744163513184,0.014191883650011729,-2.1525632717428104e-08,-4.001
2.2684195041656494,0.014191883650011729,-2.04493510815567e-08,-4.001
2.2785096168518066,0.014191883650011729,-1.9426883527478864e-08,-4.012
2.2889199256896973,0.014191883650011729,-1.845553935110492e-08,-4.012
2.298854112625122,0.014191883650011729,-1.7532762383549673e-08,-4.001
2.3084452152252197,0.014191883650011729,-1.6656124264372188e-08,-4.001
2.318427801132202,0.014191883650011729,-1.5823318051153578e-08,-4.001
2.3290774822235107,0.014191883650011729,-1.5032152148595897e-08,-4.023
2.338514804840088,0.014191883650011729,-1.4280544541166102e-08,-4.001
2.3484838008880615,0.014191883650011729,-1.3566517314107795e-08,-3.99
2.3586835861206055,0.014191883650011729,-1.2888191448402405e-08,-4.001
2.368525266647339,0.014191883650011729,-1.2243781875982283e-08,-4.012
2.378598928451538,0.014191883650011729,-1.1631592782183169e-08,-3.99
2.3887503147125244,0.014191883650011729,-1.105001314307401e-08,-4.012
2.4002344608306885,0.014191883650011729,-1.0497512485920308e-08,-3.979
2.4083895683288574,0.014191883650011729,-9.972636861624292e-09,-4.012
2.4184553623199463,0.014191883650011729,-9.474005018543076e-09,-3.99
2.4284582138061523,0.014191883650011729,-9.000304767615921e-09,-4.001
2.438350200653076,0.014191883650011729,-8.550289529235124e-09,-4.001
2.4483370780944824,0.014191883650011729,-8.122775052773367e-09,-4.001
2.458289861679077,0.014191883650011729,-7.716636300134699e-09,-4.001
2.4692697525024414,0.014191883650011729,-7.3308044851279636e-09,-4.001
2.4782631397247314,0.014191883650011729,-6.964264260871565e-09,-4.001
2.488365411758423,0.014191883650011729,-6.616051047827986e-09,-4.001
2.4997267723083496,0.014191883650011729,-6.285248495436586e-09,-3.99
2.5089001655578613,0.014191883650011729,-5.970986070664757e-09,-3.99
2.5184741020202637,0.014191883650011729,-5.672436767131518e-09,-4.001
2.528639316558838,0.014191883650011729,-5.388814928774942e-09,-4.001
2.5385468006134033,0.014191883650011729,-5.1193741823361945e-09,-3.99
2.548346757888794,0.014191883650011729,-4.863405473219385e-09,-3.99
2.5584802627563477,0.014191883650011729,-4.620235199558415e-09,-4.001
2.5685579776763916,0.014191883650011729,-4.389223439580494e-09,-4.012
2.578298330307007,0.014191883650011729,-4.169762267601469e-09,-3.99
2.589216947555542,0.014191883650011729,-3.961274154221396e-09,-3.99
2.598904848098755,0.014191883650011729,-3.763210446510326e-09,-4.012
2.6094584465026855,0.014191883650011729,-3.5750499241848093e-09,-4.001
2.618654251098633,0.014191883650011729,-3.3962974279755688e-09,-4.001
2.6288645267486572,0.014191883650011729,-3.22648255657679e-09,-4.001
2.6391794681549072,0.014191883650011729,-3.0651584287479505e-09,-3.99
2.648327350616455,0.014191883650011729,-2.9119005073105528e-09,-3.99
2.658205509185791,0.014191883650011729,-2.766305481945025e-09,-3.99
2.669055938720703,0.014191883650011729,-2.6279902078477737e-09,-3.99
2.6787025928497314,0.014191883650011729,-2.496590697455385e-09,-3.99
2.6885292530059814,0.014191883650011729,-2.3717611625826157e-09,-4.001
2.699449300765991,0.014191883650011729,-2.2531731044534847e-09,-3.979
2.708329677581787,0.014191883650011729,-2.1405144492308104e-09,-4.001
2.718618154525757,0.014191883650011729,-2.0334887267692696e-09,-4.012
2.728377342224121,0.014191883650011729,-1.931814290430806e-09,-4.012
2.7392807006835938,0.014191883650011729,-1.8352235759092656e-09,-3.99
2.7483901977539062,0.014191883650011729,-1.7434623971138023e-09,-4.001
2.758265972137451,0.014191883650011729,-1.6562892772581121e-09,-4.001
2.768644332885742,0.014191883650011729,-1.5734748133952065e-09,-4.001
2.7783734798431396,0.014191883650011729,-1.4948010727254462e-09,-4.012
2.788486957550049,0.014191883650011729,-1.4200610190891738e-09,-3.99
2.799086570739746,0.014191883650011729,-1.3490579681347151e-09,-3.99
2.808767080307007,0.014191883650011729,-1.2816050697279792e-09,-3.99
2.819343090057373,0.014191883650011729,-1.21752481624158e-09,-3.99
2.8285720348358154,0.014191883650011729,-1.156648575429501e-09,-4.012
2.8389549255371094,0.014191883650011729,-1.0988161466580259e-09,-4.001
2.8488621711730957,0.014191883650011729,-1.0438753393251245e-09,-4.001
2.8583412170410156,0.014191883650011729,-9.916815723588683e-10,-4.012
2.868528366088867,0.014191883650011729,-9.420974937409248e-10,-4.001
2.8784799575805664,0.014191883650011729,-8.949926190538785e-10,-3.99
2.8887574672698975,0.014191883650011729,-8.502429881011845e-10,-4.001
2.898935317993164,0.014191883650011729,-8.077308386961252e-10,-4.001
2.9092798233032227,0.014191883650011729,-7.67344296761319e-10,-4.001
2.918449640274048,0.014191883650011729,-7.28977081923253e-10,-3.99
2.928621768951416,0.014191883650011729,-6.925282278270903e-10,-3.99
2.9392945766448975,0.014191883650011729,-6.579018164357357e-10,-4.001
2.9491653442382812,0.014191883650011729,-6.250067256139489e-10,-3.99
2.958317279815674,0.014191883650011729,-5.937563893332515e-10,-4.023
2.968959093093872,0.014191883650011729,-5.640685698665888e-10,-4.001
2.978940963745117,0.014191883650011729,-5.358651413732594e-10,-4.001
2.9883644580841064,0.014191883650011729,-5.090718843045964e-10,-4.001
2.999969959259033,0.014191883650011729,-4.836182900893666e-10,-3.99
3.008620023727417,0.014191883650011729,-4.5943737558489823e-10,-3.99
3.0184485912323,0.014191883650011729,-4.364655068056533e-10,-3.99
3.028430938720703,0.014191883650011729,-4.146422314653706e-10,-4.001
3.038706064224243,0.014191883650011729,-3.9391011989210205e-10,-3.99
3.048459053039551,0.014191883650011729,-3.7421461389749695e-10,-4.001
3.058344602584839,0.014191883650011729,-3.555038832026221e-10,-4.001
3.068862199783325,0.014191883650011729,-3.3772868904249097e-10,-4.012
3.0786163806915283,0.014191883650011729,-3.208422545903664e-10,-4.012
3.088742733001709,0.014191883650011729,-3.0480014186084807e-10,-3.99
3.098896026611328,0.014191883650011729,-2.8956013476780566e-10,-4.001
3.1084444522857666,0.014191883650011729,-2.7508212802941535e-10,-3.804
3.118574619293213,0.014191883650011729,-2.613280216279446e-10,-4.001
3.129246473312378,0.014191883650011729,-2.4826162054654735e-10,-3.804
3.139108419418335,0.014191883650011729,-2.3584853951921996e-10,-3.782
3.1492652893066406,0.014191883650011729,-2.2405611254325896e-10,-3.76
3.1583545207977295,0.014191883650011729,-2.1285330691609602e-10,-3.749
3.1692399978637695,0.014191883650011729,-2.0221064157029121e-10,-3.519
3.178391456604004,0.014191883650011729,-1.9210010949177665e-10,-3.727
3.1885504722595215,0.014191883650011729,-1.824951040171878e-10,-3.694
3.19964599609375,0.014191883650011729,-1.733703488163284e-10,-3.486
3.2093045711517334,0.014191883650011729,-1.6470183137551197e-10,-3.442
3.219386577606201,0.014191883650011729,-1.5646673980673637e-10,-3.618
3.2284882068634033,0.014191883650011729,-1.4864340281639953e-10,-3.388
3.238636016845703,0.014191883650011729,-1.4121123267557953e-10,-3.355
3.248671531677246,0.014191883650011729,-1.3415067104180054e-10,-3.311
3.259280204772949,0.014191883650011729,-1.274431374897105e-10,-3.289
3.2691943645477295,0.014191883650011729,-1.21070980615225e-10,-3.486
3.278430700302124,0.014191883650011729,-1.1501743158446374e-10,-3.245
3.289292573928833,0.014191883650011729,-1.0926656000524054e-10,-3.212
3.298541784286499,0.014191883650011729,-1.0380323200497851e-10,-3.179
3.308370351791382,0.014191883650011729,-9.861307040472958e-11,-3.157
3.3184070587158203,0.014191883650011729,-9.36824168844931e-11,-3.103
3.3285837173461914,0.014191883650011729,-8.899829604026845e-11,-3.07
3.3386099338531494,0.014191883650011729,-8.454838123825501e-11,-3.037
3.3489978313446045,0.014191883650011729,-8.032096217634225e-11,-3.004
3.3588764667510986,0.014191883650011729,-7.630491406752514e-11,-2.96
3.3688275814056396,0.014191883650011729,-7.248966836414887e-11,-2.916
3.3785476684570312,0.014191883650011729,-6.886518494594143e-11,-2.884
3.3887555599212646,0.014191883650011729,-6.542192569864436e-11,-2.851
3.398854970932007,0.014191883650011729,-6.215082941371214e-11,-2.796
3.4087319374084473,0.014191883650011729,-5.904328794302653e-11,-2.763
3.4186818599700928,0.014191883650011729,-5.6091123545875207e-11,-2.96
3.429133892059326,0.014191883650011729,-5.3286567368581444e-11,-2.697
3.4384467601776123,0.014191883650011729,-5.062223900015237e-11,-2.653
3.448428153991699,0.014191883650011729,-4.809112705014475e-11,-2.829
3.458810567855835,0.014191883650011729,-4.5686570697637514e-11,-2.807
3.46866774559021,0.014191883650011729,-4.340224216275564e-11,-2.533
3.4783053398132324,0.014191883650011729,-4.1232130054617855e-11,-2.741
3.4889609813690186,0.014191883650011729,-3.917052355188696e-11,-2.686
3.499335765838623,0.014191883650011729,-3.721199737429261e-11,-2.664
3.508873701095581,0.014191883650011729,-3.535139750557798e-11,-2.632
3.5183920860290527,0.014191883650011729,-3.358382763029908e-11,-2.632
3.5291831493377686,0.014191883650011729,-3.190463624878412e-11,-2.588
3.5385043621063232,0.014191883650011729,-3.0309404436344916e-11,-2.774
3.5484538078308105,0.014191883650011729,-2.8793934214527668e-11,-2.763
3.558741331100464,0.014191883650011729,-2.7354237503801284e-11,-2.522
3.5688815116882324,0.014191883650011729,-2.5986525628611218e-11,-2.697
3.57838773727417,0.014191883650011729,-2.4687199347180656e-11,-2.697
3.588578939437866,0.014191883650011729,-2.3452839379821622e-11,-2.675
3.59956431388855,0.014191883650011729,-2.228019741083054e-11,-2.675
3.6097466945648193,0.014191883650011729,-2.1166187540289014e-11,-2.643
3.6186211109161377,0.014191883650011729,-2.0107878163274562e-11,-2.621
3.628359317779541,0.014191883650011729,-1.9102484255110834e-11,-2.38
3.6393256187438965,0.014191883650011729,-1.814736004235529e-11,-2.336
3.64845609664917,0.014191883650011729,-1.7239992040237524e-11,-2.336
3.65850567817688,0.014191883650011729,-1.6377992438225648e-11,-2.292
3.6684837341308594,0.014191883650011729,-1.5559092816314366e-11,-2.04
3.6787421703338623,0.014191883650011729,-1.4781138175498646e-11,-1.996
3.6884653568267822,0.014191883650011729,-1.4042081266723713e-11,-1.952
3.698385238647461,0.014191883650011729,-1.3339977203387527e-11,-1.667
3.708798885345459,0.014191883650011729,-1.267297834321815e-11,-1.624
3.718531370162964,0.014191883650011729,-1.2039329426057241e-11,-1.328
3.728525161743164,0.014230979748221127,0.00019470702537658646,-1.262
3.7390565872192383,0.014230979748221127,0.00018497167410775714,-1.185
3.7485718727111816,0.014230979748221127,0.00017572309040236926,-0.637
3.7584478855133057,0.014230979748221127,0.00016693693588225078,-0.561
3.7682764530181885,0.014230979748221127,0.00015859008908813825,-0.232
3.7792375087738037,0.014230979748221127,0.00015066058463373132,0.097
3.788583278656006,0.014230979748221127,0.00014312755540204475,0.25
3.7985680103302,0.014270075846430526,0.0003321492583160449,0.195
3.8093271255493164,0.014309171944639924,0.0004972748023627424,0.754
3.8195245265960693,0.014426460239268121,0.0010479591934608728,0.908
3.828324556350708,0.014543748533896316,0.0016590475320687427,0.667
3.8394150733947754,0.014700132926733911,0.002280456002378883,1.017
3.8493077754974365,0.014895613417780906,0.0031575752652286074,0.94
3.8594164848327637,0.015091093908827898,0.003964457691337816,1.039
3.869283676147461,0.01532567049808429,0.004954350946515392,0.842
3.8786914348602295,0.015560247087340683,0.005954053302193802,1.554
3.888460874557495,0.015794823676597076,0.006855180946704472,1.576
3.8985068798065186,0.016068496364062868,0.007874851682506687,1.696
3.908691883087158,0.016342169051528656,0.008825086997515042,1.565
3.918564796447754,0.016654937837203846,0.009966012617908688,1.499
3.92915415763855,0.016928610524669638,0.010759971423175837,2.091
3.9384572505950928,0.017241379310344827,0.011900514015935271,2.014
3.94883394241333,0.017554148096020017,0.012816952161621807,2.124
3.958432674407959,0.017945109078114006,0.01420870733548976,2.387
3.968290328979492,0.01833607006020799,0.015476846083599538,2.222
3.978365898132324,0.01872703104230198,0.0166492903773364,1.718
3.988743305206299,0.019157088122605363,0.01788474321653062,2.211
3.999218463897705,0.019626241301118147,0.019228015640768627,2.343
4.009185552597046,0.020134490577840333,0.020816469807634116,2.047
4.019157409667969,0.020642739854562515,0.022326034823502827,2.069
4.02862286567688,0.0211118930330753,0.023684676414674446,2.354
4.038697242736816,0.02162014230979748,0.025022998352911118,2.365
4.048905611038208,0.022167487684729065,0.026454827196401638,1.981
4.059041500091553,0.022753929157870046,0.028022356530624182,2.244
4.068956613540649,0.023340370631011024,0.029575733002085335,1.762
4.078663349151611,0.023926812104152005,0.03111568899426982,2.387
4.088821887969971,0.024513253577292986,0.0324489199739851,2.047
4.098602294921875,0.025099695050433968,0.033824205762393346,2.047
4.1084349155426025,0.025725232621784347,0.03531164503002821,1.883
4.118968725204468,0.026350770193134726,0.036518836145096066,1.948
4.129243850708008,0.0270544999609039,0.03811204586718329,2.179
4.1389148235321045,0.02771913363046368,0.03964138420269847,1.861
4.148823976516724,0.028383767300023458,0.04101416181698673,1.894
4.158861875534058,0.029009304871373837,0.0420773659466171,2.343
4.168596982955933,0.029713034639143012,0.043585738937460455,1.872
4.178467750549316,0.030377668308702793,0.04477083027151154,1.817
4.189192056655884,0.031081398076471967,0.045817563505690447,1.959
4.198419094085693,0.03182422394245055,0.04753793082292619,1.992
4.208414316177368,0.032449761513800926,0.04829126764430218,1.795
4.21892523765564,0.033192587379779495,0.04942074142670496,1.905
4.229236841201782,0.03393541324575807,0.050539036899888715,2.211
4.2382972240448,0.03467823911173665,0.05210819372161529,1.653
4.249212741851807,0.035303776683087026,0.052367340076396166,1.905
4.2589874267578125,0.036085698647275004,0.053752982623901144,2.058
4.268453359603882,0.03678942841504418,0.054777569108093886,1.883
4.27826452255249,0.03749315818281335,0.055620163540041255,1.576
4.289951324462891,0.038196887950582535,0.05586027192327441,2.2
4.298725605010986,0.03901790601297991,0.057733129420949644,1.576
4.30835485458374,0.03968253968253968,0.05829120913804309,1.696
4.318796396255493,0.04034717335209946,0.058563850367556985,1.97
4.329286575317383,0.04112909531628743,0.05935830444557869,2.606
4.338230848312378,0.04187192118226601,0.060533542488075485,1.28
4.348513603210449,0.04253655485182579,0.06074570501511781,1.773
4.358644962310791,0.043279380717804364,0.06139234130600547,2.091
4.368928909301758,0.04398311048557354,0.0617237637721383,1.992
4.378442287445068,0.044765032449761516,0.06274307004039259,1.434
4.389155626296997,0.04542966611932129,0.06271430924850796,1.938
4.398722887039185,0.04621158808350927,0.06367180586268194,1.51
4.408414840698242,0.04687622175306904,0.06390136862583805,1.905
4.419416427612305,0.04757995152083822,0.06391238319277065,1.828
4.42884635925293,0.04836187348502619,0.06487417818772195,1.938
4.438428163528442,0.04902650715458597,0.06507524046019418,1.225
4.4482102394104,0.04973023692235515,0.06541532565396367,1.795
4.459438323974609,0.05039487059191493,0.06511640796311514,2.091
4.468313694000244,0.0511767925561029,0.06624464243429126,1.642
4.4784369468688965,0.05184142622566268,0.06621320328222108,1.434
4.489688158035278,0.052545155993431854,0.06604121745100013,1.488
4.4984471797943115,0.05332707795761983,0.0671871507207786,2.365
4.508516073226929,0.05391351943076081,0.06673631442601202,1.631
4.519036293029785,0.054617249198529984,0.06674687183321644,1.828
4.528738975524902,0.055320978966299166,0.06704143219411579,2.354
4.538319826126099,0.05602470873406834,0.06734939090447448,1.006
4.548850059509277,0.05665024630541872,0.06695292699470512,1.981
4.55954647064209,0.057353976073187894,0.0669015848642068,1.992
4.569269418716431,0.05809680193916647,0.06736485621031449,1.455
4.578350782394409,0.05872233951051685,0.0674351429527232,1.62
4.589224815368652,0.05934787708186723,0.06694344157099165,1.839
4.59879994392395,0.0600516068496364,0.06727737547738985,1.938
4.608416318893433,0.060716240519196184,0.06735920905077077,1.74
4.618601083755493,0.06134177809054656,0.06706993091349447,1.466
4.629300594329834,0.06200641176010634,0.06681719478336862,1.74
4.638384580612183,0.06271014152787552,0.06734236652868784,1.938
4.648414134979248,0.0632965830010165,0.06689377962158051,1.664
4.658475875854492,0.06396121667057628,0.06686712532503648,1.894
4.668805360794067,0.06458675424192666,0.0665460509071098,2.058
4.678328275680542,0.06529048400969584,0.06690869949186445,1.346
4.688846826553345,0.06587692548283682,0.06635592221908496,1.773
4.699672698974609,0.0665415591523966,0.06610370122931893,1.872
4.708342790603638,0.06724528892016576,0.06684950691624182,1.817
4.718369483947754,0.06775353819688795,0.06604119041857417,1.543
4.7286272048950195,0.06837907576823833,0.06579154798058238,2.124
4.7384045124053955,0.06904370943779811,0.06589345218673266,2.124
4.748579978942871,0.06963015091093909,0.06548249864877521,1.291
4.759166955947876,0.07029478458049887,0.0653521419847669,1.861
4.768702268600464,0.07092032215184925,0.0653610506052092,1.598
4.778303384780884,0.07150676362499023,0.0651364686374786,1.664
4.788834810256958,0.0721323011963406,0.06485189085652908,1.861
4.799855709075928,0.07279693486590039,0.06463953456042876,1.872
4.809154033660889,0.07346156853546017,0.06495778219970659,1.587
4.819173574447632,0.07400891391039174,0.06444054971470181,1.401
4.828542947769165,0.07463445148174212,0.0645621617169624,2.047
4.838377952575684,0.0752208929548831,0.06430904494185723,2.168
4.848505258560181,0.07584643052623348,0.06418133108346935,1.707
4.8586437702178955,0.07647196809758386,0.06406448890161144,1.751
4.868478536605835,0.07709750566893424,0.06403286502612919,1.718
4.878465890884399,0.07764485104386583,0.06356991859410278,1.707
4.88898777961731,0.07827038861521621,0.06336933294985035,1.762
4.899044990539551,0.07889592618656659,0.06331257800886617,1.707
4.908374547958374,0.07952146375791697,0.0634890122698385,1.74
4.918432950973511,0.08006880913284854,0.06303577300028472,1.927
4.928947448730469,0.08065525060598952,0.06268009228089537,1.784
4.9383769035339355,0.0812807881773399,0.06284778626552803,2.102
4.948397874832153,0.08182813355227149,0.062436019792612235,1.532
4.9586710929870605,0.08245367112362187,0.06236602681061258,1.762
4.969151973724365,0.08304011259676285,0.06204553528504825,2.08
4.979156970977783,0.08366565016811323,0.062059334941979474,1.85
4.988225221633911,0.0842520916412542,0.06218392900478784,1.729
4.999011754989624,0.08479943701618578,0.061617779687999155,1.97
5.008805751800537,0.08542497458753616,0.061732320391564066,1.959
5.018487453460693,0.08601141606067715,0.06166515763185339,1.664
5.028764724731445,0.08655876143560873,0.06124782861834055,1.675
5.039602518081665,0.0871452029087497,0.06089238732186125,2.146
5.049384355545044,0.08780983657830949,0.061234731454548365,1.707
5.059199810028076,0.08835718195324106,0.06096089335414855,1.631
5.069350719451904,0.08894362342638204,0.06080735082010188,1.981
5.078402757644653,0.08953006489952303,0.06099624742425026,2.124
5.088874816894531,0.09007741027445461,0.060559023482190236,1.839
5.098919630050659,0.09066385174759559,0.06045457028097456,1.773
5.108795404434204,0.09125029322073656,0.060395269735306,1.686
5.118393659591675,0.09183673469387756,0.06042721994321456,1.51
5.128828525543213,0.09238408006880913,0.06003357375788547,2.08
5.138433456420898,0.09297052154195011,0.060078047419720525,1.85
5.148589134216309,0.0935178669168817,0.0597684132206973,1.773
5.158323526382446,0.09414340448823208,0.05999020931069318,1.806
5.168523550033569,0.09469074986316366,0.059683827468472166,2.08
5.178958177566528,0.09527719133630463,0.059500905142311745,1.521
5.188442945480347,0.09586363280944561,0.05961394514834612,1.992
5.198439836502075,0.0964109781843772,0.05937366473686983,1.839
5.209513187408447,0.09699741965751818,0.0590503327914609,1.707
5.219257116317749,0.09762295722886856,0.059308165364300634,1.883
5.229206800460815,0.09817030260380014,0.059092838089037154,1.773
5.238413572311401,0.09875674407694113,0.05931865420074131,1.839
5.24919867515564,0.0993040894518727,0.058891766449791466,2.179
5.258308172225952,0.09992962702322308,0.05937752102116813,1.817
5.268919229507446,0.10043787629994527,0.058806202381477046,1.883
5.27845311164856,0.10106341387129565,0.05914172884589241,1.455
5.289382219314575,0.10161075924622723,0.05869704051684167,1.938
5.298904180526733,0.10223629681757761,0.059040873909626555,1.729
5.308951139450073,0.10278364219250918,0.05880530306721065,1.883
5.318708658218384,0.10337008366565016,0.058874763161077544,1.751
5.328935146331787,0.10387833294237235,0.05842615465383751,2.266
5.338647127151489,0.10450387051372273,0.05870129713453294,1.675
5.348661661148071,0.1050512158886543,0.0584977776839832,1.664
5.358525276184082,0.1056376573617953,0.05855479742570235,1.817
5.368580341339111,0.10618500273672687,0.05834690343364112,1.74
5.378475666046143,0.10677144420986785,0.058380894417824576,1.784
5.389226675033569,0.10731878958479944,0.05801299408342485,1.828
5.399275302886963,0.10794432715614982,0.05822141048456772,1.861
5.408376216888428,0.1085307686292908,0.058528252242330644,1.773
5.418684959411621,0.10903901790601297,0.058066584522436716,1.872
5.428630590438843,0.10962545937915397,0.058110474025897085,2.179
5.439073324203491,0.11017280475408554,0.05782140830671684,1.806
5.448358535766602,0.11075924622722652,0.058088112689580806,1.401
5.459270238876343,0.11130659160215811,0.0576951743963973,1.981
5.468789339065552,0.11189303307529909,0.05789323348999319,1.762
5.47839617729187,0.11244037845023067,0.057835905138864836,1.883
5.489649534225464,0.11298772382516224,0.05737985230850126,1.346
5.4996888637542725,0.11361326139651262,0.05764049919302026,2.2
5.508451700210571,0.11419970286965361,0.058081283097553206,1.62
5.518511533737183,0.11466885604816639,0.05751019522595684,1.828
5.5287768840789795,0.11525529752130738,0.05748982963408692,2.398
5.538434982299805,0.11580264289623896,0.05744723224393409,1.784
5.5484843254089355,0.11638908436937993,0.05748723431624153,1.455
5.55858850479126,0.11693642974431152,0.05732526174972857,1.707
5.568894386291504,0.1174837751192431,0.05711329941226885,2.036
5.578270435333252,0.11807021659238408,0.05738011616381539,1.872
5.588689088821411,0.11861756196731567,0.05713893416752274,1.784
5.5998218059539795,0.11920400344045665,0.05692083874159872,1.642
5.609168291091919,0.11982954101180703,0.05741549420918714,2.047
5.619157075881958,0.1203377902885292,0.05708742208811159,1.762
5.628612518310547,0.12088513566346079,0.05713486311101121,1.828
5.639741897583008,0.12143248103839237,0.05673691143421768,1.992
5.6482508182525635,0.12205801860974275,0.05755969039149594,1.543
5.658285140991211,0.12252717178825553,0.057017339784572005,1.795
5.668452501296997,0.12311361326139651,0.05705806371830796,1.653
5.679331064224243,0.12370005473453749,0.05689632463526567,2.398
5.688875198364258,0.12432559230588787,0.05733940631959112,1.532
5.698460340499878,0.12483384158261006,0.05711708223671515,1.609
5.708668231964111,0.12538118695754163,0.0569389566078715,1.773
5.718587636947632,0.12592853233247323,0.05684900453353526,2.025
5.728743553161621,0.1265149738056142,0.056892905063551436,1.948
5.739043474197388,0.12706231918054578,0.05671352531967001,1.773
5.748488426208496,0.12764876065368677,0.056972728220189534,1.631
5.758322477340698,0.12815700993040893,0.05670662515336434,1.992
5.768612623214722,0.12870435530534052,0.056528008238811045,1.916
5.779358863830566,0.12932989287669092,0.056612871199961515,1.883
5.788543462753296,0.12987723825162248,0.05676137973966735,1.554
5.798396110534668,0.13038548752834467,0.05650182648701581,2.124
5.809195280075073,0.13093283290327626,0.056210764756693656,1.85
5.8185529708862305,0.13155837047462662,0.05674367370973223,2.288
5.828448534011841,0.1320666197513488,0.0564706272299329,1.565
5.839386701583862,0.1326530612244898,0.05633196798224715,1.696
5.849196195602417,0.13323950269763077,0.05649923694282466,1.916
5.858301162719727,0.13378684807256236,0.056675231039576016,1.981
5.868640661239624,0.13429509734928455,0.05629894044067079,1.686
5.87932562828064,0.1348815388224255,0.05623894396053568,2.244
5.888636350631714,0.1354679802955665,0.05657470403752998,1.883
5.898560523986816,0.1360153256704981,0.056495128786187725,1.39
5.9087443351745605,0.13656267104542966,0.05635734033613038,2.091
5.918519973754883,0.13714911251857065,0.05653793836687762,1.981
5.928371429443359,0.13769645789350224,0.05648582559771132,1.598
5.938484191894531,0.1382438032684338,0.05636733149552501,1.938
5.949140787124634,0.1388302447415748,0.0563137843142504,1.773
5.958443880081177,0.13937759011650638,0.05642189705572341,1.839
5.968296051025391,0.13992493549143795,0.05637527775967739,1.828
5.978666067123413,0.14047228086636954,0.05621377095591091,1.883
5.989112138748169,0.14105872233951053,0.05619487702207037,2.168
5.998335361480713,0.1416060677144421,0.05634643127160586,1.576
6.009314298629761,0.14215341308937368,0.05602917148467711,1.696
6.0189220905303955,0.14277895066072405,0.056480700650148125,2.2
6.0283849239349365,0.14332629603565564,0.056539575633911716,2.003
6.039666414260864,0.14387364141058723,0.05615201891859228,1.521
6.049381256103516,0.1444991789819376,0.056551024586776424,2.409
6.059287071228027,0.14504652435686918,0.05647858426061921,1.587
6.068229675292969,0.14563296583001017,0.056927594380943636,1.444
6.078808784484863,0.14614121510673234,0.05648974819826638,2.442
6.088714361190796,0.14672765657987333,0.0566214678252665,1.686
6.098396301269531,0.14731409805301432,0.05681718257279013,1.959
6.109046220779419,0.14782234732973648,0.056372289469432076,1.412
6.118605136871338,0.14844788490108687,0.05681326204255279,2.069
6.128534317016602,0.14895613417780906,0.05652933531133928,1.543
6.138285875320435,0.14954257565095003,0.056701375294496835,1.861
6.149359941482544,0.15008992102588162,0.05634469083745083,1.751
6.158367156982422,0.1506763624990226,0.05677360737186359,1.773
6.1683127880096436,0.15122370787395417,0.05668597943324684,1.959
6.179141521453857,0.15177105324888576,0.05640320136424171,1.762
6.188559532165527,0.15235749472202675,0.05666086544682747,2.047
6.198484420776367,0.15290484009695832,0.05658509931137283,1.499
6.208403587341309,0.1534521854718899,0.056512978424055726,1.806
6.219529628753662,0.1540386269450309,0.056347052985285,2.157
6.228709697723389,0.15466416451638126,0.05689985861107727,1.938
6.238342523574829,0.15517241379310345,0.0566886222364085,1.631
6.2486021518707275,0.15571975916803504,0.056528140878684185,1.543
6.258373975753784,0.1562671045429666,0.056495694148241564,2.431
6.268815279006958,0.1568535460161076,0.056477326460320026,1.751
6.278661727905273,0.15740089139103916,0.05644188894351508,1.554
6.288499116897583,0.15798733286418015,0.056590546176797554,1.839
6.299296140670776,0.15849558214090234,0.05611657837970517,1.751
6.3092100620269775,0.1591211197122527,0.05646108254172461,1.97
6.31972861289978,0.1596684650871843,0.05626401103714852,1.707
6.328551769256592,0.1602549065603253,0.05673533978370158,1.872
6.3383567333221436,0.16076315583704745,0.05648701528544134,2.321
6.348549127578735,0.16131050121197904,0.056353424338637464,1.554
6.358408451080322,0.16189694268512003,0.05650868218323079,2.036
6.368327617645264,0.162483384158261,0.05663530299059434,1.51
6.37957239151001,0.1630307295331926,0.05623995314048245,1.784
6.3891754150390625,0.16365626710454298,0.05668593719647353,1.521
6.39841628074646,0.16420361247947454,0.05680938018028772,1.916
6.408884048461914,0.16471186175619673,0.056406923576599356,2.036
6.4193055629730225,0.16529830322933772,0.05639102882025829,2.179
6.428868532180786,0.1658847447024787,0.05662825261530495,1.576
6.438498020172119,0.16639299397920088,0.05643092386426645,1.883
6.449122428894043,0.16694033935413247,0.05618703620642958,1.959
6.459372043609619,0.16756587692548283,0.05642877701357257,1.762
6.468528985977173,0.16815231839862382,0.05680531603831834,1.444
6.479198694229126,0.168660567675346,0.05635308350964536,1.795
6.488504409790039,0.16924700914848698,0.0566754881854399,2.036
6.498488903045654,0.16975525842520917,0.056390059596399436,1.948
6.508420705795288,0.17034169989835016,0.056521780488425044,1.434
6.519355058670044,0.17088904527328172,0.05620840052620135,1.74
6.528944492340088,0.1714754867464227,0.056439174843156394,1.927
6.538607120513916,0.1720228321213543,0.05644561827839104,1.631
6.548817873001099,0.17257017749628586,0.05630665758021139,1.729
6.559162616729736,0.17311752287121746,0.05613220402968658,2.069
6.568743467330933,0.17374306044256782,0.05658997537725351,2.168
6.578522443771362,0.17425130971929,0.056370073823212095,1.62
6.588768243789673,0.1747986550942216,0.05621915715251944,1.675
6.598403215408325,0.17538509656736256,0.05643778449704128,1.927
6.608561277389526,0.17593244194229415,0.05631024275528554,1.861
6.618930339813232,0.17647978731722574,0.05613482884115493,1.521
6.628598690032959,0.1770662287903667,0.056361002090548715,1.795
6.638410568237305,0.1776135741652983,0.056330960655747574,1.642
6.6487953662872314,0.1781609195402299,0.05615161364095966,1.981
6.658834934234619,0.17874736101337085,0.05626085090146977,2.08
6.6691813468933105,0.17929470638830244,0.05609315081759513,1.532
6.67839503288269,0.17988114786144344,0.05646637471143491,1.828
6.689234018325806,0.18038939713816562,0.056004175831272714,1.74
6.698870897293091,0.181014934709516,0.05642251581583031,1.97
6.7084057331085205,0.18156228008444758,0.05647104235210397,2.146
6.718570232391357,0.18207052936116974,0.05615078417862271,1.368
6.72925329208374,0.18265697083431073,0.056081924376703826,2.146
6.7382118701934814,0.18324341230745173,0.05654807323570596,1.817
6.748826026916504,0.1837516615841739,0.05611443488013307,1.653
6.758603572845459,0.18433810305731488,0.05630695620579214,1.861
6.768598318099976,0.18488544843224647,0.05622996185211371,2.2
6.778199672698975,0.18547188990538743,0.05646775380011501,1.51
6.7895286083221436,0.18601923528031902,0.056068690001860724,1.981
6.798275709152222,0.18664477285166942,0.05682637829733675,1.718
6.808652639389038,0.18711392603018218,0.05624523948704961,1.521
6.819015026092529,0.18770036750332317,0.05626771251533634,1.784
6.829444646835327,0.18828680897646416,0.056274089726689784,2.365
6.838431119918823,0.18883415435139572,0.056485720975764674,1.51
6.848426818847656,0.1893814997263273,0.05640197444020519,1.653
6.8586106300354,0.1898897490030495,0.05608198726647964,2.025
6.869211673736572,0.19043709437798106,0.05585039880184661,2.08
6.878196477890015,0.19106263194933146,0.056533101878506645,1.554
6.889411211013794,0.19153178512784425,0.05580219232939457,1.839
6.898546934127808,0.1921573226991946,0.05643064884063832,2.025
6.9085798263549805,0.1926655719759168,0.05614221911030949,2.179
6.918653964996338,0.1932520134490578,0.05624963744310075,1.532
6.9293012619018555,0.19379935882398935,0.05601192700510087,2.047
6.93843674659729,0.19438580029713035,0.056409089509083216,1.762
6.948276519775391,0.19489404957385253,0.056166813828476186,1.839
6.958565711975098,0.19544139494878413,0.056024488227071706,1.74
6.968967914581299,0.1959887403237157,0.05585014401712195,1.992
6.978286266326904,0.19661427789506608,0.056406553076493574,1.642
6.989060878753662,0.19712252717178824,0.05595125818195415,1.959
6.998486042022705,0.19770896864492923,0.05625689548708589,1.609
7.008433103561401,0.19821721792165142,0.05599734327532359,1.938
7.0185792446136475,0.1988036593947924,0.0560893559240885,1.598
7.0286242961883545,0.19939010086793338,0.05620907678345772,2.135
7.038507461547852,0.19993744624286497,0.05615859541104684,1.532
7.048435688018799,0.20052388771600593,0.05630306921811237,1.828
7.058401823043823,0.20103213699272812,0.0560398250385589,1.729
7.068369388580322,0.2016185784658691,0.05618407113458688,2.014
7.078413009643555,0.20216592384080068,0.05609194212403033,1.653
7.089038848876953,0.20275236531394167,0.05604676677512581,1.74
7.098563194274902,0.20333880678708266,0.0563237171013717,1.62
7.108593702316284,0.20384705606380482,0.056039114576343155,1.959
7.1184492111206055,0.2044334975369458,0.05621854386088786,1.806
7.128483533859253,0.2049808429118774,0.05612609764189974,1.795
7.139496326446533,0.20552818828680897,0.05581113375724881,2.036
7.1493988037109375,0.20619282195636876,0.05636926948565135,1.576
7.159297466278076,0.20674016733130032,0.05631227091709153,1.938
7.168371915817261,0.2072875127062319,0.056508700334121684,1.762
7.178817510604858,0.2077566658847447,0.05593643862992335,1.959
7.188788414001465,0.2083822034560951,0.05628017645339084,1.992
7.19842267036438,0.20892954883102666,0.05629096811214941,1.762
7.208678722381592,0.20947689420595825,0.05614888214420759,1.532
7.218948602676392,0.21006333567909924,0.05619954024289737,1.861
7.229099750518799,0.2106106810540308,0.05607768034599201,1.905
7.238296031951904,0.2111580264289624,0.056247670324320743,1.773
7.249449014663696,0.21170537180389398,0.055892919286016314,1.883
7.25836181640625,0.21233090937524435,0.05659637440226667,1.817
7.268367290496826,0.21283915865196654,0.05630172399972291,2.168
7.278774261474609,0.21338650402689813,0.05612350290138418,1.598
7.289405584335327,0.2139729455000391,0.05607565772417011,2.069
7.299270153045654,0.21455938697318008,0.05624057464922655,1.729
7.309306859970093,0.21510673234811165,0.05615077718215794,1.784
7.319494247436523,0.21565407772304324,0.05604709067922073,2.135
7.329232931137085,0.21620142309797483,0.05605026554229766,1.97
7.338313102722168,0.21674876847290642,0.05624220543589201,1.675
7.3487608432769775,0.21729611384783798,0.05605086904339439,2.003
7.358762264251709,0.21784345922276957,0.0559876652480473,1.894
7.3683342933654785,0.21842990069591056,0.05624502503702925,1.653
7.3788535594940186,0.21893814997263272,0.05585225471032083,1.642
7.389122724533081,0.21952459144577371,0.055909802066953077,1.872
7.398421764373779,0.22011103291891468,0.05626549402543195,2.19
7.408366918563843,0.22061928219563687,0.05600584389213966,1.576
7.4189393520355225,0.22116662757056846,0.05579789122300285,1.85
7.428642272949219,0.22175306904370945,0.05603623804075863,2.146
7.438311338424683,0.222300414418641,0.05605150976026638,1.554
7.448265790939331,0.2228477597935726,0.055996067838285854,2.168
7.4584455490112305,0.2233951051685042,0.055892539112217816,2.025
7.468887805938721,0.22398154664164516,0.05590120800061781,1.718
7.478400230407715,0.22456798811478615,0.05618534345982864,1.959
7.48883581161499,0.22507623739150834,0.055813834706251335,1.631
7.498865842819214,0.2256626788646493,0.055946640652351116,1.916
7.508390665054321,0.2262100242395809,0.05601692888152716,2.025
7.518429756164551,0.22675736961451248,0.05594314161461977,1.773
7.528640031814575,0.22730471498944405,0.05582901090405044,1.959
7.538343906402588,0.22789115646258504,0.056052603316269364,1.828
7.548392057418823,0.22843850183751663,0.05597444724775606,1.664
7.558773517608643,0.2290249433106576,0.056000093072271204,1.817
7.569395065307617,0.22957228868558918,0.055777291815196944,2.157
7.578234434127808,0.23019782625693955,0.05652021479867987,1.938
7.588552236557007,0.23066697943545234,0.05596662418316403,1.686
7.598898410797119,0.23125342090859333,0.05601101183426181,1.839
7.608460187911987,0.2318398623817343,0.05626931653513103,2.2
7.618657112121582,0.23238720775666588,0.05614277833509162,1.576
7.628401041030884,0.23293455313159747,0.05614065208228876,2.025
7.639233350753784,0.23348189850652906,0.05586519435968669,1.959
7.648933410644531,0.23410743607787943,0.056288106130058996,1.751
7.658857583999634,0.23461568535460162,0.05603257890066953,2.025
7.668740272521973,0.23520212682774258,0.05619904184914255,1.959
7.678416013717651,0.23571037610446477,0.05601345422440876,2.069
7.68867564201355,0.23629681757760576,0.05606831105736133,1.751
7.699168920516968,0.23684416295253732,0.05587786733013919,2.014
7.709462881088257,0.23743060442567832,0.055935680505370455,1.872
7.7193603515625,0.2380170458988193,0.05609548297103518,1.806
7.72857141494751,0.23856439127375087,0.05625357625785957,1.828
7.7392778396606445,0.23907264055047306,0.055816051890847006,2.102
7.748947858810425,0.23965908202361405,0.056053266455753446,2.025
7.758374214172363,0.2402064273985456,0.05615160996299879,1.729
7.768802165985107,0.2407146766752678,0.055784472846492336,1.839
7.7787580490112305,0.2413402142466182,0.05613444220326136,2.113
7.788955926895142,0.24188755962154976,0.05600773385650184,1.587
7.799316883087158,0.24243490499648135,0.05585192887767389,1.664
7.8095383644104,0.24302134646962234,0.0559344460802158,1.905
7.819373846054077,0.2435686918445539,0.055910544176734474,1.784
7.829272985458374,0.2441551333176949,0.05607572679099872,2.091
7.839059591293335,0.24466338259441708,0.05586547085181282,2.003
7.848388910293579,0.24524982406755805,0.05621466599789888,1.905
7.858272552490234,0.24575807334428024,0.05597008564892594,1.839
7.868470668792725,0.24634451481742123,0.056052670999372986,1.948
7.8783674240112305,0.2469309562905622,0.05620974553472553,1.828
7.888710260391235,0.24747830166549378,0.05604550902504629,1.686
7.899728775024414,0.24802564704042537,0.05572816913440803,1.773
7.909321546554565,0.24865118461177574,0.05620034658193005,2.376
7.919163465499878,0.24919852998670733,0.05616657966117984,1.609
7.929139614105225,0.24974587536163892,0.056101955067411204,2.003
7.93879246711731,0.2502932207365705,0.056132546920266264,2.474
7.948390960693359,0.2508405661115021,0.056174320573653146,1.565
7.958296537399292,0.25138791148643364,0.05612773333706479,1.817
7.96918797492981,0.25197435295957465,0.05601960529906407,1.938
7.978477478027344,0.2525607944327156,0.05636709953934282,1.762
7.988328695297241,0.2531081398076472,0.05632075946393179,1.675
7.999064207077026,0.2536554851825788,0.05606167748321257,2.222
8.00924825668335,0.25424192665571976,0.0561387383267812,2.135
8.018595457077026,0.2548283681288607,0.05646521564437474,1.609
8.028346300125122,0.25537571350379235,0.05644186678929137,1.795
8.039628028869629,0.2558839627805145,0.055875141952147094,2.08
8.048613548278809,0.2565485964500743,0.0567741999292172,2.047
8.058273315429688,0.2570568457267965,0.05656218317280485,1.488
8.069522142410278,0.25760419110172805,0.056186025592971194,1.894
8.078615427017212,0.2582297286730784,0.056784875026971944,2.102
8.088688611984253,0.25873797794980063,0.05646558730671455,1.598
8.099839210510254,0.2593244194229416,0.05628051010110096,1.729
8.109357118606567,0.25991086089608256,0.05655493187702451,2.398
8.118483066558838,0.2604582062710141,0.05670949816812462,1.598
8.128358840942383,0.26100555164594574,0.05664016556830016,1.751
8.139102697372437,0.2615138009226679,0.05618613660731761,2.277
8.149209022521973,0.26213933849401827,0.05645551178916947,1.883
8.15830397605896,0.2626866838689499,0.05663763727365376,1.499
8.169286489486694,0.26319493314567205,0.056124959352738195,1.938
8.178604125976562,0.2638204707170224,0.056667518282224646,2.431
8.188875198364258,0.26432871999374463,0.05630718928946956,1.894
8.198707580566406,0.2649151614668856,0.056473668402911,1.532
8.209400653839111,0.2654234107436078,0.05602937613829128,2.474
8.218471050262451,0.2660489483149582,0.05667781292022101,1.455
8.228457927703857,0.26655719759168034,0.05638150692317231,2.036
8.238929271697998,0.26710454296661196,0.056186074710079026,2.003
8.248476266860962,0.2676909844397529,0.05643279849032737,1.959
8.258440732955933,0.2682383298146845,0.05636053863743443,1.696
8.268369436264038,0.2687465790914067,0.056096624688737835,2.014
8.278983354568481,0.26933302056454766,0.056066230776988725,2.113
8.288475513458252,0.26991946203768863,0.05633700455611616,1.609
8.29888653755188,0.27042771131441085,0.05596308261989819,2.091
8.309273481369019,0.2710141527875518,0.05598732759498681,1.959
8.3184814453125,0.2716005942606928,0.0563695642627034,2.124
8.328474760055542,0.272108843537415,0.05609192615284679,1.751
8.338680982589722,0.27265618891234655,0.0559697947468459,2.036
8.349360942840576,0.2732426303854875,0.055928222074388884,1.927
8.358323574066162,0.27382907185862854,0.05638146933814755,1.762
8.368689060211182,0.2743373211353507,0.05601298657279218,1.905
8.379084587097168,0.27492376260849166,0.056054149131356146,2.168
8.388359069824219,0.2755102040816326,0.05638805189114011,2.179
8.398550987243652,0.27601845335835484,0.056060130339545836,1.576
8.408380270004272,0.2766048948314958,0.05623774633391187,2.069
8.41888976097107,0.2771522402064274,0.05603602768761996,1.707
8.428751468658447,0.2777386816795684,0.05620144987430595,1.916
8.439687013626099,0.27828602705449995,0.05590218112959183,1.839
8.449419736862183,0.2789115646258503,0.05630702314493869,1.861
8.459275960922241,0.27945891000078193,0.056264172716503774,2.244
8.469183444976807,0.2800062553757135,0.05621140702484693,1.861
8.478431224822998,0.28059269684885446,0.056579896440694014,1.938
8.488714694976807,0.2811009461255767,0.05621863616434214,1.872
8.498346090316772,0.28168738759871764,0.05644896714777035,1.707
8.508902788162231,0.2821956368754398,0.05603982151665646,2.058
8.51857590675354,0.2828211744467902,0.05646549654625801,1.664
8.528544902801514,0.2833685198217218,0.05638687570324036,1.992
8.53840970993042,0.28387676909844395,0.056138347306119316,1.653
8.549449443817139,0.28442411447337557,0.055818369139721,2.431
8.558340549468994,0.28504965204472593,0.05652930266965972,1.653
8.568304538726807,0.2855579013214481,0.056249418497585496,2.277
8.578506708145142,0.2860661505981703,0.05593331574709898,1.872
8.588930606842041,0.2866916881695207,0.056132712691327996,2.179
8.599263429641724,0.28727812964266164,0.05616394352475115,1.62
8.609652757644653,0.28782547501759326,0.05600831003011806,2.058
8.619296312332153,0.2884119164907342,0.05622702196951508,1.751
8.628434896469116,0.2889201657674564,0.05619052319202662,2.08
8.638329982757568,0.289467511142388,0.05614316178717578,2.266
8.64863920211792,0.29001485651731956,0.05599600677375401,2.069
8.658562421798706,0.2906012979904605,0.05615358612951638,1.773
8.668519496917725,0.29114864336539215,0.056088630938248965,1.565
8.678901195526123,0.2916959887403237,0.05592347370137063,1.916
8.689313888549805,0.2922824302134647,0.05593825083437744,2.179
8.699318647384644,0.2929079677848151,0.05626604736425271,2.025
8.709208726882935,0.29341621706153725,0.056024826782143586,1.718
8.719588994979858,0.2940026585346782,0.05605998298702219,2.266
8.728943347930908,0.29458910000781924,0.05637310597858156,2.069
8.73916482925415,0.2950973492845414,0.05604101745976854,1.828
8.748779058456421,0.29572288685589176,0.05650383473500262,2.288
8.758474826812744,0.296231136132614,0.05628925437026242,1.74
8.768389701843262,0.29681757760575495,0.05642545987318151,1.828
8.778810977935791,0.2973649229806865,0.05623365966292354,1.872
8.788844347000122,0.2979513644538275,0.05634229746379527,1.696
8.79842758178711,0.2985378059269685,0.05658243462163131,2.036
8.808571815490723,0.29904605520369065,0.05625747020024663,1.97
8.818681478500366,0.29963249667683167,0.056357503427190994,2.047
8.828466892242432,0.30017984205176323,0.05632863904229665,2.058
8.838340282440186,0.3007271874266948,0.056278667885467364,1.806
8.848886489868164,0.3012745328016264,0.05606042700861076,2.058
8.858530282974243,0.3018609742747674,0.05629473058743153,1.729
8.868895053863525,0.30244741574790834,0.056309966954883287,1.795
8.8787202835083,0.30299476112283996,0.05628131439513307,2.277
8.888556718826294,0.3035421064977715,0.056244442879947294,2.036
8.898551225662231,0.3040894518727031,0.056173225222208995,1.444
8.908583402633667,0.3046758933458441,0.05628359830860023,2.157
8.919447898864746,0.30522323872077567,0.05599912355711952,1.97
8.928910732269287,0.30584877629212603,0.05649753799952438,1.839
8.938837051391602,0.30635702556884825,0.0562250696763473,1.959
8.948562145233154,0.3069043709437798,0.05622779089369683,1.85
8.958528757095337,0.3074908124169208,0.05635585210928026,2.135
8.968531847000122,0.3080772538900618,0.05646694375744717,1.609
8.978419780731201,0.30862459926499336,0.056413964577020644,2.08
8.9889395236969,0.3091719446399249,0.05619145346864554,1.576
8.999510765075684,0.30975838611306594,0.05616455741526052,2.069
9.008471727371216,0.3103448275862069,0.056614262796149166,1.828
9.018667936325073,0.31085307686292907,0.05627872463020019,1.839
9.02839469909668,0.3114004222378607,0.05627084450147989,1.905
9.039119482040405,0.31198686371100165,0.056202856694235324,2.233
9.049083709716797,0.3125733051841426,0.056322530494853945,1.696
9.058263778686523,0.31312065055907423,0.05648006211248153,1.894
9.068652868270874,0.3136288998357964,0.05610833509731326,1.828
9.078548908233643,0.31421534130893736,0.05626194633790322,2.113
9.088937520980835,0.3148017827820783,0.05626987034486709,2.014
9.09980320930481,0.31534912815700994,0.055982212349009866,1.609
9.109331607818604,0.3159746657283603,0.05647045951444811,1.839
9.119356155395508,0.31652201110329187,0.056365314633084404,2.025
9.12837553024292,0.3170693564782235,0.056577568599014694,2.08
9.138664245605469,0.31757760575494565,0.05622028815716896,1.894
9.148722887039185,0.3181640472280866,0.05632835023326754,1.883
9.1583411693573,0.31871139260301823,0.056350135271116236,1.806
9.16831374168396,0.3192587379779498,0.05627499588343694,1.609
9.179638624191284,0.3198060833528814,0.05589015146988343,2.179
9.188407182693481,0.3204707170224412,0.056869635977879314,1.916
9.1988844871521,0.32093987020095394,0.05626157905269773,1.696
9.208696603775024,0.3215263116740949,0.056432785635794604,2.036
9.219165802001953,0.3220736570490265,0.05623103309186014,2.266
9.228810787200928,0.3226600985221675,0.05645133961435051,1.477
9.238828182220459,0.32316834779888964,0.05616850609801906,1.806
9.24929404258728,0.32375478927203066,0.05616629395827025,1.905
9.258401155471802,0.3243412307451716,0.056566457102530936,2.255
9.268452167510986,0.3248494800218938,0.056261098475330375,1.74
9.279204607009888,0.3253968253968254,0.05599928639712404,1.85
9.289538621902466,0.32598326686996637,0.05603341074269574,1.828
9.298434019088745,0.32656970834310733,0.056530031149934594,1.072
9.308488845825195,0.32699976542341075,0.05584052947935794,1.938
9.318735599517822,0.3275471107983423,0.055728349075276094,1.784
9.328694105148315,0.32809445617327393,0.05567627524227052,1.718
9.338324785232544,0.3285636093517867,0.055323681095365965,1.258
9.348534345626831,0.32907185862850885,0.0550511170279834,1.642
9.359169960021973,0.32954101180702167,0.054502103816537785,1.357
9.368489503860474,0.33004926108374383,0.054502590994288946,1.28
9.378280878067017,0.33044022206583784,0.05377129586317205,1.149
9.388823986053467,0.3308702791461412,0.0531248441101061,1.434
9.398399353027344,0.3313003362264446,0.05271360464524653,0.951
9.408509016036987,0.33165220111032917,0.05182119108015566,0.962
9.419438600540161,0.3320040659942138,0.05084761256348288,1.181
9.428616285324097,0.3323559308780984,0.05020591613044508,1.094
9.438330888748169,0.33262960356556415,0.049102342110248956,0.875
9.449329137802124,0.33290327625302996,0.047900946746870864,1.006
9.459588050842285,0.33313785284228636,0.04664221085376348,0.94
9.468998193740845,0.3333724294315427,0.045552004701874975,0.984
9.478368520736694,0.3335679099225897,0.044316525448721396,0.951
9.49010944366455,0.33372429431542733,0.042769752454574005,1.116
9.499590635299683,0.33384158261005553,0.041247129873202185,1.061
9.508373737335205,0.33395887090468374,0.039851080715404504,1.039
9.518581628799438,0.3340370631011025,0.038241686151716935,1.028
9.529150247573853,0.3340761591993119,0.036514679893839594,0.984
9.539328813552856,0.3341152552975213,0.03488145592203939,1.16
9.548376321792603,0.3341543513957307,0.03335252128543553,1.138
9.558849811553955,0.3341543513957307,0.03168489522116375,1.127
9.56851601600647,0.3341934474939401,0.030302807218530917,1.127
9.578422546386719,0.3341934474939401,0.02878766685760437,1.094
9.589979887008667,0.3341934474939401,0.02734828351472415,1.094
9.598847150802612,0.3341934474939401,0.025980869338987942,1.061
9.608450412750244,0.3341934474939401,0.024681825872038543,1.05
9.618650436401367,0.3341934474939401,0.023447734578436616,1.05
9.628605365753174,0.3341934474939401,0.022275347849514782,1.017
9.63840937614441,0.3341934474939401,0.02116158045703904,1.017
9.648632526397705,0.3341934474939401,0.02010350143418709,1.017
9.659231185913086,0.3341934474939401,0.019098326362477734,0.984
9.668701410293579,0.3341934474939401,0.018143410044353846,0.984
9.678331136703491,0.3341934474939401,0.017236239542136152,0.984
9.689066886901855,0.3341934474939401,0.016374427565029343,0.973
9.699365139007568,0.3341934474939401,0.015555706186777875,0.962
9.708471298217773,0.3341934474939401,0.01477792087743898,0.951
9.718401432037354,0.3341934474939401,0.01403902483356703,0.919
9.728637933731079,0.3341934474939401,0.013337073591888678,0.908
9.738332509994507,0.3341934474939401,0.012670219912294244,0.897
9.748418807983398,0.3341934474939401,0.012036708916679531,0.908
9.759360313415527,0.3341934474939401,0.011434873470845553,0.864
9.768410205841064,0.3341934474939401,0.010863129797303275,0.886
9.77819538116455,0.3341934474939401,0.010319973307438111,0.864
9.78897738456726,0.3341934474939401,0.009803974642066206,0.842
9.799799680709839,0.3341934474939401,0.009313775909962895,0.853
9.808565616607666,0.3341934474939401,0.00884808711446475,0.82
9.818586111068726,0.3341934474939401,0.008405682758741512,0.831
9.829636573791504,0.3341934474939401,0.007985398620804435,0.776
9.83836030960083,0.3341934474939401,0.007586128689764213,0.787
9.848595142364502,0.3341934474939401,0.007206822255276002,0.754
9.859206438064575,0.3341934474939401,0.0068464811425122014,0.765
9.86850094795227,0.3341934474939401,0.006504157085386591,0.754
9.878265142440796,0.3341934474939401,0.006178949231117261,0.732
9.888765096664429,0.3341934474939401,0.005870001769561398,0.732
9.898847818374634,0.3341934474939401,0.005576501681083328,0.721
9.908473491668701,0.3341934474939401,0.005297676597029162,0.721
9.918457269668579,0.3341934474939401,0.005032792767177704,0.699
9.928918600082397,0.3341934474939401,0.004781153128818818,0.667
9.938458919525146,0.3341934474939401,0.004542095472377877,0.667
9.948589086532593,0.3341934474939401,0.004314990698758982,0.656
9.958760976791382,0.3341934474939401,0.004099241163821033,0.623
9.968445301055908,0.3341934474939401,0.0038942791056299814,0.634
9.978285551071167,0.3341934474939401,0.003699565150348482,0.623
9.988901138305664,0.3341934474939401,0.003514586892831058,0.59
10.000696182250977,0.3341934474939401,0.003338857548189505,0.59
10.009244441986084,0.3341934474939401,0.0031719146707800292,0.59
10.01937198638916,0.3341934474939401,0.0030133189372410275,0.568
10.02895975112915,0.3341934474939401,0.002862652990378976,0.557
10.0392427444458,0.3341934474939401,0.0027195203408600273,0.568
10.049131155014038,0.3341934474939401,0.002583544323817026,0.535
10.058613538742065,0.3341934474939401,0.0024543671076261743,0.524
10.068783283233643,0.3341934474939401,0.0023316487522448653,0.513
10.078391551971436,0.3341934474939401,0.002215066314632622,0.491
10.089060068130493,0.3341934474939401,0.0021043129989009907,0.48
10.098859310150146,0.3341934474939401,0.001999097348955941,0.48
10.109351396560669,0.3341934474939401,0.0018991424815081438,0.469
10.118708610534668,0.3341934474939401,0.0018041853574327367,0.458
10.129354476928711,0.3341934474939401,0.0017139760895610997,0.425
10.138442039489746,0.3341934474939401,0.0016282772850830447,0.425
10.148465394973755,0.3341934474939401,0.0015468634208288925,0.414
10.158486127853394,0.3341934474939401,0.0014695202497874477,0.393
10.168933629989624,0.3341934474939401,0.0013960442372980752,0.404
10.178543329238892,0.3341934474939401,0.0013262420254331715,0.371
10.188583612442017,0.3341934474939401,0.0012599299241615129,0.349
10.199710130691528,0.3341934474939401,0.001196933427953437,0.371
10.209166765213013,0.3341934474939401,0.0011370867565557651,0.349
10.218506336212158,0.3341543513957307,0.0008707013841416087,0.535
10.228530883789062,0.3341543513957307,0.0008271663149345283,0.338
10.239253997802734,0.3341543513957307,0.0007858079991878019,0.327
10.248589992523193,0.3341543513957307,0.0007465175992284117,0.305
10.25828504562378,0.3341543513957307,0.0007091917192669911,0.294
10.26864242553711,0.3341543513957307,0.0006737321333036415,0.283
10.278380155563354,0.3341543513957307,0.0006400455266384594,0.272
10.288644075393677,0.3341152552975213,0.0004176560360916494,0.48
10.299764156341553,0.3341152552975213,0.0003967732342870669,0.272
10.308845520019531,0.3340761591993119,0.00016176629138078632,0.491
10.318463802337646,0.3340370631011025,-4.9193444715781834e-05,0.458
10.328668355941772,0.3340370631011025,-4.673377247999274e-05,0.261
10.339553594589233,0.33395887090468374,-0.0004040607786255337,0.458
10.349239826202393,0.33395887090468374,-0.000383857739694257,0.469
10.359146356582642,0.33391977480647433,-0.0005616008187068504,0.469
10.36932110786438,0.33388067870826493,-0.0007272348099306582,0.48
10.378360271453857,0.33384158261005553,-0.0009053260905910744,0.458
10.388502597808838,0.33380248651184613,-0.0010527794142588971,0.491
10.399040222167969,0.33376339041363673,-0.001185692331401633,0.272
10.408875465393066,0.33372429431542733,-0.001325501722295222,0.48
10.418673753738403,0.33372429431542733,-0.001259226636180461,0.491
10.428364753723145,0.3336851982172179,-0.001397878235792176,0.48
10.438568353652954,0.3336461021190085,-0.0015195546351153876,0.502
10.448543310165405,0.3336461021190085,-0.001443576903359618,0.283
10.458386421203613,0.3336070060207991,-0.001569698057955283,0.469
10.469184398651123,0.3335679099225897,-0.0016723644013699646,0.502
10.478631019592285,0.3335679099225897,-0.0015887461813014663,0.294
10.488553524017334,0.3335288138243803,-0.0017061754813918017,0.502
10.498700141906738,0.3335288138243803,-0.0016208667073222115,0.283
10.508613586425781,0.3334897177261709,-0.001736954600484559,0.491
10.5184645652771,0.3334897177261709,-0.001650106870460331,0.305
10.528799057006836,0.3334506216279615,-0.0017565553452505804,0.294
10.539668083190918,0.3334506216279615,-0.0016687275779880514,0.48
10.549283027648926,0.3334115255297521,-0.0017882102142249144,0.491
10.55928087234497,0.3334115255297521,-0.0016987997035136687,0.294
10.569309711456299,0.3333724294315427,-0.001808914930505902,0.502
10.578655242919922,0.3333724294315427,-0.0017184691839806068,0.272
10.588396549224854,0.3333333333333333,-0.001833040366268054,0.491
10.599071979522705,0.3333333333333333,-0.0017413883479546512,0.305
10.608849287033081,0.3332942372351239,-0.0018559207795046339,0.502
10.618674278259277,0.3332942372351239,-0.0017631247405294021,0.294
10.628490686416626,0.3332551411369145,-0.0018739438168511174,0.502
10.638725519180298,0.3332160450387051,-0.0019716033041000257,0.272
10.648519515991211,0.3332160450387051,-0.0018730231388950243,0.491
10.658308982849121,0.33317694894049577,-0.0019788904270481144,0.513
10.668479204177856,0.33317694894049577,-0.0018799459056957086,0.327
10.679157495498657,0.33313785284228636,-0.0019693787673555467,0.294
10.68863320350647,0.33313785284228636,-0.0018709098289877693,0.491
10.6994788646698,0.33309875674407696,-0.0019581375201491746,0.513
10.709339141845703,0.33309875674407696,-0.0018602306441417157,0.305
10.719284296035767,0.33305966064586756,-0.0019625146971215812,0.524
10.728574991226196,0.33302056454765816,-0.0020744404520950475,0.546
10.738481998443604,0.33302056454765816,-0.001970718429490295,0.338
10.748437881469727,0.33298146844944876,-0.002068201030703861,0.546
10.759194612503052,0.33294237235123936,-0.00214633600167043,0.557
10.768439769744873,0.33294237235123936,-0.002039019201586908,0.36
10.778638362884521,0.33290327625302996,-0.00212922137054159,0.568
10.788536310195923,0.33286418015482055,-0.002219865630839687,0.579
10.798360347747803,0.33282508405661115,-0.0023075429336517996,0.59
10.808809757232666,0.33282508405661115,-0.0021921657869692097,0.371
10.818889617919922,0.33278598795840175,-0.0022761581073868654,0.59
10.82841968536377,0.33274689186019235,-0.002367404106205525,0.579
10.839377164840698,0.33274689186019235,-0.0022490339008952487,0.404
10.849202871322632,0.33270779576198295,-0.0023356661562158967,0.623
10.859346389770508,0.33270779576198295,-0.002218882848405102,0.404
10.869301557540894,0.33270779576198295,-0.0021079387059848467,0.414
10.878331899642944,0.33270779576198295,-0.0020025417706856044,0.414
10.889285326004028,0.33266869966377355,-0.0020814174493680097,0.612
10.899120092391968,0.33266869966377355,-0.0019773465768996093,0.414
10.908471584320068,0.33262960356556415,-0.0020870024037387335,0.656
10.918387413024902,0.33262960356556415,-0.0019826522835517967,0.425
10.929206371307373,0.33262960356556415,-0.0018835196693742068,0.425
10.938457489013672,0.33262960356556415,-0.0017893436859054963,0.425
10.948565006256104,0.33262960356556415,-0.0016998765016102214,0.414
10.959050416946411,0.33262960356556415,-0.0016148826765297103,0.404
10.969437599182129,0.33262960356556415,-0.0015341385427032248,0.425
10.978525161743164,0.33262960356556415,-0.0014574316155680635,0.436
10.988610744476318,0.33262960356556415,-0.0013845600347896603,0.414
10.998942852020264,0.33262960356556415,-0.0013153320330501772,0.414
11.008813858032227,0.33262960356556415,-0.0012495654313976682,0.425
11.01859712600708,0.33262960356556415,-0.0011870871598277848,0.404
11.029068946838379,0.33262960356556415,-0.0011277328018363955,0.425
11.038593053817749,0.33262960356556415,-0.0010713461617445756,0.425
11.048373222351074,0.33262960356556415,-0.0010177788536573466,0.425
11.05893063545227,0.33262960356556415,-0.0009668899109744793,0.393
11.069456577301025,0.33262960356556415,-0.0009185454154257553,0.404
11.078392744064331,0.33262960356556415,-0.0008726181446544675,0.414
11.088830709457397,0.33262960356556415,-0.000828987237421744,0.404
11.099120140075684,0.33262960356556415,-0.0007875378755506568,0.404
11.108548402786255,0.33262960356556415,-0.0007481609817731238,0.393
11.118365287780762,0.33262960356556415,-0.0007107529326844676,0.414
11.12831735610962,0.33262960356556415,-0.0006752152860502442,0.404
11.138826847076416,0.33262960356556415,-0.000641454521747732,0.404
11.148488998413086,0.33262960356556415,-0.0006093817956603453,0.404
11.15833592414856,0.33262960356556415,-0.0005789127058773281,0.393
11.168539047241211,0.33262960356556415,-0.0005499670705834617,0.393
11.179011821746826,0.33262960356556415,-0.0005224687170542886,0.393
11.188574075698853,0.33262960356556415,-0.0004963452812015741,0.404
11.198736429214478,0.33262960356556415,-0.0004715280171414954,0.404
11.208505153656006,0.33262960356556415,-0.0004479516162844206,0.404
11.218497276306152,0.33262960356556415,-0.00042555403547019956,0.404
11.228601694107056,0.33262960356556415,-0.00040427633369668955,0.382
11.239465951919556,0.33262960356556415,-0.00038406251701185505,0.393
11.248899459838867,0.33262960356556415,-0.0003648593911612623,0.393
11.258545637130737,0.33262960356556415,-0.00034661642160319913,0.371
11.26848840713501,0.33262960356556415,-0.00032928560052303914,0.393
11.279260396957397,0.33262960356556415,-0.0003128213204968872,0.371
11.288893222808838,0.33262960356556415,-0.0002971802544720428,0.382
11.29849886894226,0.33262960356556415,-0.00028232124174844064,0.382
11.308963537216187,0.33262960356556415,-0.0002682051796610186,0.393
11.318705081939697,0.33262960356556415,-0.00025479492067796765,0.382
11.328555345535278,0.33262960356556415,-0.00024205517464406925,0.36
11.338417053222656,0.33262960356556415,-0.00022995241591186578,0.36
11.348769903182983,0.33262960356556415,-0.00021845479511627247,0.371
11.358324766159058,0.33262960356556415,-0.00020753205536045883,0.382
11.36920976638794,0.33262960356556415,-0.00019715545259243588,0.382
11.378467321395874,0.33262960356556415,-0.0001872976799628141,0.382
11.389147996902466,0.33262960356556415,-0.00017793279596467338,0.371
11.398430585861206,0.33262960356556415,-0.0001690361561664397,0.371
11.409240007400513,0.33262960356556415,-0.0001605843483581177,0.371
11.419145345687866,0.33262960356556415,-0.00015255513094021182,0.36
11.428539752960205,0.33262960356556415,-0.00014492737439320122,0.349
11.43853497505188,0.33262960356556415,-0.00013768100567354116,0.371
11.44941234588623,0.33262960356556415,-0.0001307969553898641,0.371
11.458590269088745,0.33262960356556415,-0.00012425710762037088,0.382
11.468568563461304,0.33262960356556415,-0.00011804425223935233,0.371
11.478466033935547,0.33262960356556415,-0.0001121420396273847,0.371
11.489157438278198,0.33262960356556415,-0.00010653493764601547,0.371
11.498423337936401,0.33262960356556415,-0.00010120819076371469,0.36
11.508437871932983,0.33262960356556415,-9.614778122552896e-05,0.36
11.51933479309082,0.33262960356556415,-9.13403921642525e-05,0.349
11.529139280319214,0.33262960356556415,-8.677337255603987e-05,0.349
11.538177490234375,0.33262960356556415,-8.243470392823787e-05,0.36
11.550025224685669,0.33262960356556415,-7.831296873182598e-05,0.36
11.558778524398804,0.33262960356556415,-7.439732029523467e-05,0.36
11.568451166152954,0.33262960356556415,-7.067745428047293e-05,0.36
11.578755378723145,0.33262960356556415,-6.714358156644927e-05,0.371
11.589136600494385,0.33262960356556415,-6.37864024881268e-05,0.371
11.598925113677979,0.33262960356556415,-6.0597082363720454e-05,0.36
11.608514308929443,0.33262960356556415,-5.756722824553443e-05,0.36
11.619283676147461,0.33262960356556415,-5.468886683325771e-05,0.338
11.628387451171875,0.33262960356556415,-5.1954423491594824e-05,0.36
11.63835859298706,0.33262960356556415,-4.935670231701508e-05,0.36
11.648988962173462,0.33262960356556415,-4.688886720116432e-05,0.338
11.65885043144226,0.33262960356556415,-4.4544423841106105e-05,0.349
11.668797969818115,0.33262960356556415,-4.23172026490508e-05,0.349
11.678508758544922,0.33262960356556415,-4.020134251659826e-05,0.36
11.688637971878052,0.33262960356556415,-3.819127539076834e-05,0.349
11.698423862457275,0.33262960356556415,-3.628171162122993e-05,0.338
11.708530902862549,0.33262960356556415,-3.446762604016843e-05,0.338
11.719329595565796,0.33262960356556415,-3.2744244738160005e-05,0.338
11.729163885116577,0.33262960356556415,-3.1107032501252e-05,0.338
11.738338708877563,0.33262960356556415,-2.95516808761894e-05,0.338
11.74881386756897,0.33262960356556415,-2.8074096832379926e-05,0.338
11.759473323822021,0.33262960356556415,-2.667039199076093e-05,0.327
11.76845121383667,0.33262960356556415,-2.5336872391222883e-05,0.338
11.778557777404785,0.33262960356556415,-2.4070028771661738e-05,0.316
11.789201259613037,0.33262960356556415,-2.286652733307865e-05,0.327
11.798351049423218,0.33262960356556415,-2.1723200966424717e-05,0.327
11.80838656425476,0.33262960356556415,-2.063704091810348e-05,0.327
11.818797588348389,0.33262960356556415,-1.9605188872198303e-05,0.327
11.828950643539429,0.33262960356556415,-1.8624929428588386e-05,0.327
11.838308095932007,0.33262960356556415,-1.7693682957158967e-05,0.327
11.848526954650879,0.33262960356556415,-1.6808998809301017e-05,0.327
11.858436822891235,0.33262960356556415,-1.5968548868835964e-05,0.316
11.868457317352295,0.33262960356556415,-1.5170121425394166e-05,0.338
11.878217458724976,0.33262960356556415,-1.4411615354124457e-05,0.327
11.889722108840942,0.33262960356556415,-1.3691034586418234e-05,0.316
11.89830732345581,0.33262960356556415,-1.3006482857097322e-05,0.316
11.908425092697144,0.33262960356556415,-1.2356158714242456e-05,0.327
11.919061660766602,0.33262960356556415,-1.1738350778530333e-05,0.305
11.929341793060303,0.33262960356556415,-1.1151433239603815e-05,0.316
11.938265085220337,0.33262960356556415,-1.0593861577623624e-05,0.305
11.94842791557312,0.33262960356556415,-1.0064168498742442e-05,0.305
11.958465814590454,0.33262960356556415,-9.560960073805319e-06,0.316
11.968444108963013,0.33262960356556415,-9.082912070115053e-06,0.316
11.978501319885254,0.33262960356556415,-8.6287664666093e-06,0.316
11.989441871643066,0.33262960356556415,-8.197328143278835e-06,0.305
11.99880599975586,0.33262960356556415,-7.787461736114894e-06,0.294
12.008341312408447,0.33262960356556415,-7.3980886493091486e-06,0.294
12.019335746765137,0.33262960356556415,-7.028184216843691e-06,0.305
12.028446197509766,0.33262960356556415,-6.6767750060015055e-06,0.305
12.038378238677979,0.33262960356556415,-6.34293625570143e-06,0.294
12.048601865768433,0.33262960356556415,-6.025789442916359e-06,0.305
12.059391260147095,0.33262960356556415,-5.7244999707705405e-06,0.283
12.06838607788086,0.33262960356556415,-5.438274972232013e-06,0.305
12.078347444534302,0.33262960356556415,-5.166361223620412e-06,0.294
12.08946943283081,0.33262960356556415,-4.908043162439391e-06,0.294
12.098952054977417,0.33262960356556415,-4.662641004317421e-06,0.294
12.10852575302124,0.33262960356556415,-4.42950895410155e-06,0.283
12.118486404418945,0.33262960356556415,-4.208033506396472e-06,0.294
12.128914833068848,0.33262960356556415,-3.9976318310766484e-06,0.305
12.138336896896362,0.33262960356556415,-3.7977502395228157e-06,0.294
12.148744344711304,0.33262960356556415,-3.607862727546675e-06,0.283
12.15935492515564,0.33262960356556415,-3.427469591169341e-06,0.283
12.16859221458435,0.33262960356556415,-3.256096111610874e-06,0.294
12.178301334381104,0.33262960356556415,-3.09329130603033e-06,0.283
12.188826560974121,0.33262960356556415,-2.938626740728813e-06,0.305
12.199996709823608,0.33262960356556415,-2.791695403692372e-06,0.272
12.209165573120117,0.33262960356556415,-2.6521106335077534e-06,0.294
12.219307899475098,0.33262960356556415,-2.5195051018323657e-06,0.294
12.229535102844238,0.33262960356556415,-2.3935298467407473e-06,0.283
12.23838472366333,0.33262960356556415,-2.27385335440371e-06,0.272
12.248374462127686,0.33262960356556415,-2.1601606866835242e-06,0.283
12.259482860565186,0.33262960356556415,-2.052152652349348e-06,0.294
12.268735647201538,0.33262960356556415,-1.9495450197318806e-06,0.294
12.278327703475952,0.33262960356556415,-1.8520677687452865e-06,0.272
12.288941621780396,0.33262960356556415,-1.759464380308022e-06,0.283
12.298545598983765,0.33262960356556415,-1.671491161292621e-06,0.25
12.308448553085327,0.33262960356556415,-1.5879166032279898e-06,0.294
12.318376541137695,0.33262960356556415,-1.5085207730665902e-06,0.272
12.329455852508545,0.33262960356556415,-1.4330947344132606e-06,0.261
12.339367389678955,0.33262960356556415,-1.3614399976925976e-06,0.261
12.349172592163086,0.33262960356556415,-1.2933679978079676e-06,0.272
12.359546661376953,0.33262960356556415,-1.228699597917569e-06,0.283
12.369475603103638,0.33262960356556415,-1.1672646180216906e-06,0.272
12.378490209579468,0.33262960356556415,-1.108901387120606e-06,0.261
12.388387441635132,0.33262960356556415,-1.0534563177645756e-06,0.261
12.39915680885315,0.33262960356556415,-1.0007835018763466e-06,0.25
12.409194946289062,0.33262960356556415,-9.507443267825293e-07,0.261
12.41849970817566,0.33262960356556415,-9.032071104434027e-07,0.283
12.42836856842041,0.33262960356556415,-8.580467549212326e-07,0.261
12.439191341400146,0.33262960356556415,-8.151444171751709e-07,0.239
12.448352813720703,0.33262960356556415,-7.743871963164123e-07,0.25
12.458600521087646,0.33262960356556415,-7.356678365005917e-07,0.239
12.469481468200684,0.33262960356556415,-6.988844446755621e-07,0.283
12.478533029556274,0.33262960356556415,-6.63940222441784e-07,0.261
12.48951005935669,0.33262960356556415,-6.307432113196948e-07,0.25
12.499081373214722,0.33262960356556415,-5.9920605075371e-07,0.25
12.508936405181885,0.33262960356556415,-5.692457482160245e-07,0.25
12.51920199394226,0.33262960356556415,-5.407834608052232e-07,0.272
12.529263496398926,0.33262960356556415,-5.13744287764962e-07,0.261
12.538755178451538,0.33262960356556415,-4.880570733767138e-07,0.25
12.54850721359253,0.33262960356556415,-4.6365421970787814e-07,0.239
12.559272289276123,0.33262960356556415,-4.404715087224842e-07,0.25
12.569184064865112,0.33262960356556415,-4.1844793328636e-07,0.25
12.578365564346313,0.33262960356556415,-3.97525536622042e-07,0.239
12.58905029296875,0.33262960356556415,-3.776492597909399e-07,0.25
12.59878659248352,0.33262960356556415,-3.587667968013929e-07,0.228
12.609168767929077,0.33262960356556415,-3.4082845696132323e-07,0.261
12.619171619415283,0.33262960356556415,-3.2378703411325704e-07,0.228
12.628953218460083,0.33262960356556415,-3.075976824075942e-07,0.261
12.63939380645752,0.33262960356556415,-2.922177982872145e-07,0.239
12.649110555648804,0.33262960356556415,-2.7760690837285375e-07,0.239
12.658923149108887,0.33262960356556415,-2.6372656295421106e-07,0.239
12.668856620788574,0.33262960356556415,-2.505402348065005e-07,0.228
12.678447246551514,0.33262960356556415,-2.3801322306617545e-07,0.206
12.688467741012573,0.33262960356556415,-2.2611256191286665e-07,0.228
12.699129819869995,0.33262960356556415,-2.148069338172233e-07,0.217
12.70855164527893,0.33262960356556415,-2.0406658712636213e-07,0.217
12.719324827194214,0.33262960356556415,-1.93863257770044e-07,0.228
12.728341817855835,0.33262960356556415,-1.841700948815418e-07,0.239
12.739069938659668,0.33262960356556415,-1.749615901374647e-07,0.228
12.748430013656616,0.33262960356556415,-1.6621351063059147e-07,0.228
12.75836181640625,0.33262960356556415,-1.579028350990619e-07,0.228
12.768702030181885,0.33262960356556415,-1.500076933441088e-07,0.217
12.778414964675903,0.33262960356556415,-1.4250730867690336e-07,0.217
12.78881025314331,0.33262960356556415,-1.353819432430582e-07,0.217
12.798662900924683,0.33262960356556415,-1.2861284608090526e-07,0.206
12.808322429656982,0.33262960356556415,-1.2218220377686e-07,0.228
12.818774938583374,0.33262960356556415,-1.1607309358801699e-07,0.206
12.828490257263184,0.33262960356556415,-1.1026943890861613e-07,0.206
12.838560819625854,0.33262960356556415,-1.0475596696318532e-07,0.228
12.848517417907715,0.33262960356556415,-9.951816861502605e-08,0.228
12.858755111694336,0.33262960356556415,-9.454226018427475e-08,0.206
12.86835265159607,0.33262960356556415,-8.9815147175061e-08,0.206
12.878543138504028,0.33262960356556415,-8.532438981630795e-08,0.195
12.889595746994019,0.33262960356556415,-8.105817032549255e-08,0.217
12.898614168167114,0.33262960356556415,-7.700526180921792e-08,0.206
12.908434629440308,0.33262960356556415,-7.315499871875702e-08,0.217
12.919191122055054,0.33262960356556415,-6.949724878281917e-08,0.206
12.928955554962158,0.33262960356556415,-6.602238634367821e-08,0.206
12.938330173492432,0.33262960356556415,-6.27212670264943e-08,0.206
12.949018239974976,0.33262960356556415,-5.958520367516959e-08,0.195
12.958722114562988,0.33262960356556415,-5.6605943491411103e-08,0.195
12.968523263931274,0.33262960356556415,-5.3775646316840546e-08,0.217
12.97854471206665,0.33262960356556415,-5.1086864000998515e-08,0.195
12.989480257034302,0.33262960356556415,-4.8532520800948586e-08,0.206
12.998934507369995,0.33262960356556415,-4.6105894760901153e-08,0.195
13.008465766906738,0.33262960356556415,-4.3800600022856093e-08,0.195
13.01864743232727,0.33262960356556415,-4.161057002171329e-08,0.206
13.028878688812256,0.33262960356556415,-3.9530041520627624e-08,0.206
