joint_names,arm_left_1_joint,arm_left_2_joint,arm_left_3_joint,arm_left_4_joint,arm_left_5_joint,arm_left_6_joint,arm_left_7_joint,arm_right_1_joint,arm_right_2_joint,arm_right_3_joint,arm_right_4_joint,arm_right_5_joint,arm_right_6_joint,arm_right_7_joint,gripper_left_joint,gripper_right_joint,head_1_joint,head_2_joint,leg_left_1_joint,leg_left_2_joint,leg_left_3_joint,leg_left_4_joint,leg_left_5_joint,leg_left_6_joint,leg_right_1_joint,leg_right_2_joint,leg_right_3_joint,leg_right_4_joint,leg_right_5_joint,leg_right_6_joint,torso_1_joint,torso_2_joint,,,,
gripper,talos/right_gripper,handle,table/contact_01,joint_states,0.709090344609,2.41634701471,-0.0322006535829,-1.39924454412,-0.315800145433,-0.509661707929,0.319741932773,1.04771854915,-1.73515913979,-0.952383477015,-0.0586062153702,1.59274040133,1.23647271354,-0.432335440835,6.81769532651e-06,2.37276864823e-12,0.350357684723,-0.73648588635,-0.29586397986,-0.0761710058714,-1.1580464191,1.00282065309,-0.204302097449,-0.0790062708484,-0.300641069283,-0.0888486505714,-1.23883955991,1.28504655287,-0.406146757797,-0.06546450116,0.805853557524,0.347105098046
gripper,talos/right_gripper,handle,table/contact_15,joint_states,-0.230121848578,2.79476011719,1.21222496204,-1.61095115013,1.64815258108,0.980980372968,-0.258660181338,0.409326253565,-1.36775711289,-1.78839917146,-0.310182899535,1.57778312991,1.31865590469,-0.572594462848,-3.68155359731e-05,2.37276864823e-12,0.763520751902,-1.10507760776,-0.0526924366254,0.227393919898,-1.0842619432,1.35243300971,-0.378536429027,-0.154990528353,-0.0532349209517,0.222534261441,-1.04370090515,1.32601924789,-0.392570069086,-0.150111573436,0.521630885978,0.698775946097
gripper,talos/right_gripper,handle,table/contact_19,joint_states,-1.4229597771,2.18167934426,1.53502533293,-0.454832973512,0.111764402098,-0.581547456495,-0.302577028641,1.24325478953,-1.48617448755,-0.821974017809,-0.905970491432,1.14302900618,1.21483063081,-0.680695793393,6.81769532651e-06,2.37276864823e-12,0.280020915868,-0.195957417007,-0.0645380408002,0.523602192754,-1.45255922552,0.956574882063,0.0100985623222,-0.193325809367,-0.0828820653737,0.495348378037,-1.3121619241,0.885622499398,-0.0479852535371,-0.158527584368,-0.477806492967,0.338996092106
gripper,talos/right_gripper,handle,table/contact_02,joint_states,-0.608998612892,2.07790665912,0.696449328674,-1.41314241006,0.900979301444,-0.872886541884,-0.0834509410534,1.17838254522,-2.21629405469,0.673338949366,-0.471872144482,-0.118509123875,0.816128570963,-0.676993786425,-4.36332283642e-05,-8.86299773528e-06,0.0863786806668,-0.412643686846,-0.104200839799,0.517217033322,-1.12836772581,0.780382197108,-0.00332856326178,-0.279817977656,-0.114518885143,0.492386257338,-1.01970014844,0.725671783055,-0.0522871109091,-0.253390911736,0.286774352717,0.433805931862
gripper,talos/right_gripper,handle,table/contact_03,joint_states,-0.432603352486,2.58394902998,0.684487154742,-0.149254413185,-1.65601423262,-0.555607500488,0.533893831993,0.770915911209,-1.43329962304,1.16015350483,-0.0573368462682,-1.61082699356,1.17874253968,0.302812239029,2.93587376632e-12,-8.86299773528e-06,0.762388333195,-0.855390084846,-0.293712507889,-0.137171956524,-0.960589535869,1.8740796829,-0.783141119115,-0.0458982476955,-0.29072787184,-0.15954988204,-0.890488152983,1.99054243524,-0.96925193027,-0.0233260679017,0.559908740011,0.415622986467
gripper,talos/right_gripper,handle,table/contact_06,joint_states,0.194730330272,1.71401825558,0.996533361566,-0.639074612255,-1.85148940442,1.21500720905,0.570698462594,0.290515756961,-1.7888431711,0.511961294267,-0.965448679007,1.7929133893,-0.493610132964,-0.616518127844,-4.36332283642e-05,-5.24962290349e-05,0.693142395123,-0.979308461738,-0.314153313214,-0.214857262032,-0.668573283183,0.291165316943,0.0702267742553,-0.0383479486938,-0.320085400689,-0.233030979063,-0.906238300722,0.898714633405,-0.300958818957,-0.0192727894584,1.1803469238,0.713505277559
gripper,talos/right_gripper,handle,table/contact_05,joint_states,-0.241084010341,1.52544829022,-1.7991427894,-1.74290801246,1.39879921032,0.930234924967,-0.181298462243,0.40517458805,-2.16267409534,1.65368785488,-0.648726706994,-1.3023127775,0.937254421052,-0.637505712099,-4.36332283642e-05,-8.86299773528e-06,0.569442184387,-1.24363857695,0.331135544695,0.126493331585,-1.72641602189,1.4499766738,-0.325054188857,-0.0665348456712,0.319806299216,0.110020662556,-1.65009338817,1.22681362533,-0.175291277862,-0.0465863805417,0.839069754325,-0.0783787483569
gripper,talos/right_gripper,handle,table/contact_12,joint_states,-1.12927425863,2.27071364088,1.72705048606,-1.32330866017,1.67517173519,-0.190244638198,-0.552159111676,0.715001762486,-1.20941360921,-0.33783625882,-0.657015955676,1.02409564074,0.838468785389,-0.595006944813,-4.36332283642e-05,-8.86299773528e-06,0.667180622499,-0.653826372856,0.106685112057,-0.0217902122495,-0.514011296472,1.08176128902,-0.453275807964,-0.12067031865,0.106632057085,-0.0213928895942,-0.604522495767,1.20447559257,-0.485433431032,-0.121069880853,1.18437889643,0.69631270851
gripper,talos/right_gripper,handle,table/contact_16,joint_states,-1.41823981106,1.79279162453,0.0888817230639,-1.14247916994,-0.60915767257,0.037149946721,-0.256565786236,0.766491846028,-1.31354500466,0.0806432874951,-0.293787521127,-2.37976937806,-0.762325387925,0.574603636796,-8.72664596638e-05,-9.6129460335e-05,0.766795289557,-0.749928564794,-0.196122695471,0.126402204014,-0.566575065645,0.304001122761,0.0756599424584,-0.165135827342,-0.196750890974,0.123034818869,-0.64442133606,0.577698405747,-0.120109195231,-0.161708980785,1.18331997031,0.403871255525
gripper,talos/right_gripper,handle,table/contact_17,joint_states,-0.514843840961,1.51649578457,0.894805508141,-1.14671295691,1.99459543086,0.234306702349,0.441805897334,1.05855558753,-1.83976694123,1.73177706437,-1.20082556731,1.0770476988,-0.302060247558,0.0268538676727,2.93587376632e-12,-5.24962290349e-05,0.763522797209,-0.663142067739,-0.137914055963,-0.364523856614,-0.414723431238,0.505460114995,-0.114545046597,-0.0268706209052,-0.13843998608,-0.385229211493,-0.631937608661,1.02393764391,-0.415991079503,-0.00615801311843,0.924837975759,0.701694104862
gripper,talos/right_gripper,handle,table/contact_14,joint_states,0.00987757174854,1.07394562129,1.55113261057,-1.00569410308,-0.250763194979,0.586950477715,0.153957470449,0.283416170932,-2.69975519494,1.72208709948,-1.97570445746,2.33242401978,0.7799348056,0.56836408472,-4.36332283642e-05,-5.24962290349e-05,0.764133662447,-1.2297632094,-0.122093191709,0.165557633172,-0.972450083574,0.297021987414,0.192105382805,-0.139457786319,-0.123500240391,0.162903131426,-1.04257276072,0.545609436619,0.0188541243431,-0.136476135919,0.586793670794,0.706738984178
gripper,talos/right_gripper,handle,table/contact_04,joint_states,0.362004641833,1.16635725012,-0.305941922026,-1.49240847043,0.282214115451,-0.228403944278,0.468529206198,-0.698639217567,-2.25466578582,-0.322546784686,-1.50003906611,1.74748071331,-0.649074313432,0.0171178620543,2.93587376632e-12,-1.84077670817e-05,-0.181285967896,-1.24329397989,0.069500228924,0.432100084505,-1.56896967193,0.274941005089,0.345091204257,-0.217418373032,0.0525340386774,0.420935774502,-1.55781437703,0.429015130894,0.186871519409,-0.198344874976,0.282012540793,0.434563574561
gripper,talos/right_gripper,handle,table/contact_24,joint_states,0.104391506106,0.477403598468,0.837499341489,-0.66668962202,2.12111720751,0.243403549306,-0.645480366888,1.21972556282,-2.7693325065,2.17108279672,-2.21621970204,2.42636164764,0.961833906543,0.435737128453,2.93587376632e-12,2.04531009018e-06,0.467986058615,-0.712836163658,0.0110554586402,0.478582977275,-1.31248616672,0.277700445844,0.274494052815,-0.221430062655,-0.0063893591786,0.461947453308,-1.22153654682,0.279531525,0.192645998338,-0.198668330393,-0.0155123807131,0.314553306674
gripper,talos/right_gripper,handle,table/contact_25,joint_states,-0.344936850011,0.11711665887,2.30177700111,-0.462872470947,1.08518642562,1.18889203834,0.548586640864,0.0571761011064,-2.7244046313,0.905043391794,-1.80229607866,-0.285793084377,0.134831457101,-0.375295558333,2.93587376632e-12,-4.15879212095e-05,0.763688467134,-1.21507647254,-0.28788589918,-0.151627779497,-1.63458953508,0.952661809991,-0.065217497518,0.0742342925088,-0.298883088951,-0.163320581952,-1.74252052433,1.1907232034,-0.197066614515,0.0902022744622,0.166009318345,-0.173124112983
gripper,talos/right_gripper,handle,table/contact_28,joint_states,0.727693822764,1.8089738452,1.40806061933,-0.156837551336,-1.76391635872,-0.952779670164,-0.0560172286428,0.373962316638,-1.75677032536,-2.07770075752,-0.0903533858825,-1.44247499894,-1.35775230259,-0.541472719739,-4.36332283642e-05,2.04531009018e-06,0.724505825427,-1.24337262303,-0.0518786598175,-0.404777325547,-1.22086916416,0.898911123183,-0.200689093324,0.196154440043,-0.0619570973621,-0.420710407817,-1.3334759186,1.0212255531,-0.214438946938,0.214568627745,1.05016180928,-0.102389862008
gripper,talos/right_gripper,handle,table/contact_26,joint_states,-1.18111410493,2.40934150207,0.558962944976,-2.12346036316,-1.80263499254,-0.0332747703662,-0.223547020219,0.276583278563,-1.83060705349,-1.43668661831,-0.197526871104,-0.0512320821014,1.31820832318,0.619934814385,-8.72664596638e-05,2.04531009018e-06,0.264698833989,-1.24352533934,-0.268579012453,0.474216447804,-1.04393119144,0.701686736046,0.00645775479594,-0.291202457366,-0.278598545135,0.448303947204,-0.992441309836,0.81958221046,-0.158539728289,-0.263782777253,0.846260289268,0.719844932534
gripper,talos/right_gripper,handle,table/contact_27,joint_states,-0.0122442548333,1.37399554027,-2.19795047022,-0.285129158317,2.24810684829,1.24114283282,-0.619147711799,-0.0448791562966,-1.96835039007,0.357799580667,-0.975957885511,-1.92794923869,0.355637424094,0.591245964806,4.3633234236e-05,2.04531009018e-06,0.621749565716,-1.24350352273,-0.012754377557,0.0923900244869,-0.949489746762,0.649534116335,-0.0665808229433,-0.10736492194,-0.012617730239,0.0927412494058,-0.964970590139,0.70369671145,-0.105268410478,-0.107741049644,1.01610983264,0.644375474615
gripper,talos/right_gripper,handle,table/contact_07,joint_states,0.293657995624,1.05810426527,0.218289780437,-1.21057018027,0.780603035328,0.951396360378,0.418603244821,1.43832770716,-2.60240439422,0.628278743091,-0.887358031416,0.00355116552392,1.25107859683,-0.591956368353,2.93587376632e-12,2.04531009018e-06,-0.0209242980997,-0.107468712604,-0.206652821638,0.0543670452545,-1.50166626486,1.69919585427,-0.438177122691,-0.138408098739,-0.208037883262,0.0487551097096,-1.50901892754,1.83623213642,-0.567791421427,-0.132628369135,0.078934337028,0.536140187067
gripper,talos/right_gripper,handle,table/contact_18,joint_states,-0.280287213559,0.864189458731,2.08088376766,-0.207077339616,-0.520558777214,1.24823323291,-0.0426000100181,0.696482972182,-1.5352498068,0.264496157982,-1.4420071348,0.271428313036,1.13627956528,-0.197948289715,2.93587376632e-12,2.04531009018e-06,0.761419539107,-0.487950489539,-0.236659122095,0.250703296666,-1.42087437298,1.93484802821,-0.67503813741,-0.175990628042,-0.239873506941,0.231510505223,-1.32266135404,1.97503162685,-0.812664609549,-0.156545559686,0.168037528568,-0.0206957976735
gripper,talos/right_gripper,handle,table/contact_09,joint_states,0.289248398304,1.01384294509,1.93984286285,-0.498706262153,-0.121098675193,1.21374116357,0.353393380644,0.0323399510263,-0.927060204271,-1.01391767821,-1.55292065693,1.08890776714,1.20050768175,-0.659587876867,4.3633234236e-05,2.04531009018e-06,0.71586644563,-1.13985278177,0.304269136729,0.313200673581,-1.052250161,0.780686882976,-0.149498236956,-0.154243412788,0.295529966678,0.294511931517,-0.838051895963,0.274228996566,0.145372545407,-0.13377790548,0.970793643319,0.702689274898
gripper,talos/right_gripper,handle,table/contact_23,joint_states,-0.194191040152,1.94170406798,0.953716602193,-0.332295232593,-1.01548137988,-0.688122305714,-0.0508903239651,0.321256932781,-1.90841624285,0.487684610192,-1.80534678295,-1.48457989535,0.18985296177,0.405041150233,2.93587376632e-12,2.04531009018e-06,0.761550438801,-0.68619807595,0.165330565378,0.392737957131,-0.605214603585,2.05729051106,-1.13599936417,-0.33735857236,0.170409494264,0.378323667721,-0.734415195195,2.05696065443,-1.00853286393,-0.322191753639,1.08793033376,0.690791336412
gripper,talos/right_gripper,handle,table/contact_13,joint_states,-1.52662212461,2.52184668872,-1.78387057255,-1.48235706131,-0.217922583786,0.196781441662,0.559778564692,0.856978053453,-2.02315258034,1.27791864802,-1.01327580313,-0.514779983965,0.0320751973901,-0.615278330482,2.93587376632e-12,2.04531009018e-06,0.506819634472,-0.658883673156,-0.280474522136,0.29306717574,-0.83983313014,1.44371019504,-0.470024481323,-0.21216827395,-0.277878596819,0.274422098971,-0.748398388815,1.41951405172,-0.537991927146,-0.193353504631,0.438705562377,0.684186590382
gripper,talos/right_gripper,handle,table/contact_08,joint_states,-1.49216174677,2.25032110919,-1.04688963651,-2.10821259413,-1.70263957867,0.84019707041,0.34824465935,0.713858873128,-1.46802592452,-1.68585591137,-0.00348884755445,-2.26103015706,-1.37007869043,-0.475739256785,2.93587376632e-12,2.04531009018e-06,0.685541349876,-0.789499751052,0.178129282949,0.103532268601,-1.05043910494,2.05277010829,-0.865883563445,-0.141808296252,0.178883613198,0.0980855017794,-1.14268322315,2.05208027751,-0.77303133968,-0.136313340309,1.07868857888,0.438725216501
gripper,talos/right_gripper,handle,table/contact_20,joint_states,-0.232085468117,2.36184558156,-2.17438277289,-1.83896061634,-1.71583852461,0.941251634101,0.612051175789,1.17564405748,-1.75620607879,-2.37520099152,-0.0361089490088,-1.67588647436,-1.31536261838,-0.57792828449,2.93587376632e-12,-4.15879212095e-05,0.282152126509,-0.466657472664,-0.308494419738,0.0510665185222,-1.49217859369,1.30997543194,-0.203205780554,-0.0427488289871,-0.314996023147,0.0351097051144,-1.50180634162,1.48887889035,-0.372204077282,-0.0255344876436,-0.468639759337,0.175649428855
gripper,talos/right_gripper,handle,table/contact_20,joint_states,-0.232170208446,2.361814579,-2.17435688697,-1.83883118671,-1.71582414354,0.941229817485,0.612072992405,1.17584247386,-1.75641896303,-2.37415500837,-0.0362680995156,-1.67578388939,-1.31592985039,-0.576488387857,2.93587376632e-12,2.04531009018e-06,0.282981157904,-0.466853822205,-0.308240801581,0.050498869691,-1.49209038979,1.30995688781,-0.20320769803,-0.0424061513482,-0.314734223759,0.0345771783681,-1.50181401152,1.48876435312,-0.372020958325,-0.0252259828441,-0.469138303093,0.175988822104
gripper,talos/right_gripper,handle,table/contact_21,joint_states,0.334031594897,1.9591450743,-1.60171418894,-0.963758423926,-1.1690922985,-0.489198404218,0.450979102446,1.40850324533,-1.02385329398,-1.90217308839,-0.476394990962,0.809196916583,0.860146660999,0.659466521943,2.93587376632e-12,2.04531009018e-06,0.63667213082,-0.33508146368,-0.305315193423,-0.051884855445,-0.199806491058,0.619600628833,-0.299164907478,-0.0974994130736,-0.303961997074,-0.0629492573548,-0.192165450272,0.774621438098,-0.461762669368,-0.0863535984485,0.82498397574,0.706030476801
gripper,talos/right_gripper,handle,table/contact_22,joint_states,-1.3464393849,0.859285887303,-2.175611875,-0.0603712520142,1.96079991663,-1.28812286932,0.645626947275,1.48373302177,-1.24987021703,-1.74846533723,-0.0282578435888,-2.0407121664,-0.782709947288,-0.338578194194,4.3633234236e-05,-4.15879212095e-05,0.636890296977,-0.230427158407,-0.304917585602,0.13870371424,-0.282932909954,0.390018928195,-0.0244251134162,-0.126755160526,-0.30392109092,0.127013759521,-0.226586061676,0.422469627415,-0.113240316885,-0.115022712159,0.3158130884,0.580947286512
gripper,talos/right_gripper,handle,table/contact_11,joint_states,-0.241489577705,0.31462466201,0.463776560874,-1.72714971545,-0.608161543796,0.873838291742,0.518065195569,1.54198786371,-1.52954120225,-2.02904192819,-0.32742532296,1.86770214324,1.32658590359,0.463553313407,2.93587376632e-12,2.04531009018e-06,0.363309936727,-0.381354505473,-0.237505061367,-0.180103247118,-1.14517679966,1.08502430797,-0.249548298894,-0.0484851197676,-0.241837820473,-0.193344269044,-1.2474195964,1.36093752954,-0.424006608489,-0.0345798483663,0.589969490394,0.358815842939
gripper,talos/right_gripper,handle,table/contact_10,joint_states,-0.068037493575,0.958689392486,-1.34334292863,-0.824503648002,2.12769223266,-0.536409560485,-0.487135370501,-0.723416665633,-2.05441142724,-1.15041704115,-1.27853367844,-0.404328573547,1.18176720891,-0.114805167473,2.93587376632e-12,2.04531009018e-06,0.760895940331,1.24343794506,-0.299646418554,-0.216302725673,-1.44088611109,0.284892293193,0.3184176752,0.049070742567,-0.314590234096,-0.229388071331,-1.7110518672,0.811150088511,0.0590161382149,0.0686695886995,0.061969468252,0.662894937046
