x1,y1,z1,x2,y2,z2,x3,y3,z3,x4,y4,z4,torso_lift_joint,arm_1_joint,arm_2_joint,arm_3_joint,arm_4_joint,arm_5_joint,arm_6_joint,arm_7_joint,t_start_robot,t_end_robot,marker_std_mm
0.7515889036980651,0.23648023639634766,0.7655448297242937,0.8077166244591133,0.23328422176367508,0.6176292045871449,0.8884221930207753,0.23227681509075707,0.672270791732533,0.8570936531466755,0.2372965693651062,0.7747716240040966,0.29603565564156287,1.6100374529210897,-0.9299471915614669,-3.1398836582272844,1.8299552583849046,-1.5768432272367086,-0.6200545022817386,-1.576917583160869,1638281008.2266097,1638281013.6957893,0.13397999924855844
0.385806761092869,0.03751902194758906,0.10504765441546941,0.38758140154075477,0.1632762430241616,0.20107605039176388,0.46895938976301804,0.1740351099505243,0.14852236051039172,0.47531934283835237,0.08953203539446934,0.08270556698089264,0.16378752056362508,0.3127766155069592,-0.31854753971617533,-0.30245333712710964,2.042358445706586,0.41760319509954436,0.9972635103464154,-0.18693654929505402,1638281024.2757783,1638281035.7560763,0.34196581412971466
0.3627063309797003,0.012600167070910984,0.23189332739097865,0.33009361050059555,0.14595918242615621,0.3105778172562538,0.4053602775070166,0.1711341701381496,0.25399926838263154,0.4345370970901831,0.08339509915342372,0.19955995784553685,0.3445960170098022,0.09394397170987216,-0.4450300165868818,-0.34250811053933583,1.817353440312216,-0.03142378743735363,0.5410205992657386,-0.09684110512099436,1638281046.0761626,1638281057.746595,0.6020093857048867
0.4379687375220362,0.023743408223708223,0.3386130556934111,0.3697196879371241,0.16448768285190216,0.3625431106599031,0.46494979595332114,0.18520644294249236,0.3639660202853295,0.5175099567267502,0.09255583814442624,0.3510667646187065,0.34922196236117853,0.07000635592846761,-0.5217042619784724,-0.4960334041706155,1.8189928019160677,-0.32991731402816293,0.8487366919437375,-0.3628070175593988,1638281067.9470181,1638281079.506297,0.49057410809207663
0.3185480726992063,0.15837145295202587,0.12316644579740084,0.3337171236603972,0.314871438257774,0.1053566448125059,0.34052927475064837,0.2811539067566046,0.014160200079609752,0.33387401786310394,0.1741982576156868,0.019572611600381068,0.272715396172185,0.6678475149592022,-0.7847587812948017,-0.505903903224851,1.7583743467664505,-1.2376323804787115,-1.180790481328697,1.7696265311292614,1638281090.0757928,1638281101.4156637,0.3576023953532928
0.5206262191344534,0.07842749620729031,0.4412124843153846,0.5456945590736895,-0.045988873660516356,0.34670515221797416,0.5856924939164944,0.028004943767912006,0.29745927721087617,0.5693707008411697,0.11683588549406303,0.35538819461478127,0.05657979654415984,0.1470734362295765,0.6707434927734575,-1.3772870645115745,2.072954513215875,-1.9527691925717972,0.42620259659430093,0.016992401371652255,1638281111.9957032,1638281123.4058795,0.21446850549298835
0.49379790862186684,0.10983967434506406,0.49034047463477237,0.43306982995361815,0.12176184631138359,0.3447056750913303,0.4662967702520245,0.21163175521425737,0.36257851522194395,0.5065659492193482,0.2110953850016664,0.46203304330164274,0.29188000783450035,0.39076536705124815,0.06585343863843077,-0.7174202018355674,2.040577790981395,-0.8923962672564646,0.7164382695141588,-0.7999660958860697,1638281133.8761182,1638281145.3460038,0.2248224405107801
0.31250620803072515,0.2896717493450363,0.14272104858926468,0.23827036344652242,0.37613533133466187,0.25250549072460776,0.24775148710533865,0.43804818465462025,0.17782632068727422,0.3005052932350889,0.3859538382569664,0.10026142427368934,0.34611769464283404,0.8083014115582784,-0.7983250583705805,-0.35650234434185574,1.5957844730499626,0.051830250566355145,0.19061476828256996,0.02423275893618064,1638281155.7958758,1638281167.4358993,0.1492959895691299
0.3347992329431661,0.30755023643589025,0.23106044830277678,0.2054671246347041,0.3519613627189896,0.3106870316160381,0.24262460509105657,0.43644307000999605,0.27934646507089955,0.3331007457576262,0.4133485322004917,0.22648997353408662,0.28691849546231984,0.635057152849583,-0.6735666086382622,-0.32568414828479875,1.9491796573502147,-0.26153166948894463,0.48946510551123257,-0.2971007094614846,1638281177.6664982,1638281189.3857224,0.5799725969034425
0.3609388236085037,0.28936189490624975,0.34045434940199193,0.20583858547276654,0.30460056426290943,0.36786299993762434,0.23397236461450396,0.39555850260980013,0.34700123861574556,0.3398884029350296,0.3926395795879647,0.3300787353558392,0.34206946067228666,0.7114280957274727,-0.45744146431549587,-0.33179536600589604,2.0724261957724694,-0.43022464690619333,0.4838771467593543,-0.43389473521954397,1638281199.4562035,1638281211.2160652,0.061786137209467046
0.33677334739125075,0.394503699707281,0.1199236957687299,0.19962154487535633,0.4133807835418025,0.1965564357759712,0.18989140955139805,0.4710872791837485,0.11861187251661001,0.2816597103456899,0.4650551587173373,0.06333717579192662,0.3230901556024718,1.3298528548025488,-0.7028924200487279,-0.44153128225039795,1.533541671555883,-0.06746797384614125,0.07063564590692849,-0.06933795338464864,1638281221.5568213,1638281228.285864,0.07401154211270272
0.33672030119897556,0.39437650223471127,0.11989503795151864,0.19957166317824848,0.4132535779518337,0.19653356685855844,0.18980793817441804,0.47090111345665,0.11854957946280453,0.2815709928134388,0.46486617816489323,0.0632664217707039,0.32309015560247173,1.3295977988547667,-0.7028068151978579,-0.4414752151563892,1.5338193900544135,-0.06747495381308337,0.07065248525053455,-0.06935019264723806,1638281229.2062347,1638281233.2157533,0.03231121221023459
0.3393388693122482,0.4227459618543012,0.22451090939131396,0.19552647953652572,0.41195393957630194,0.2896350905919044,0.19299385446694925,0.4979296115337084,0.2437884556494657,0.2895745518476684,0.5128231814126658,0.19947695264042553,0.31131442326288356,1.1859754717294517,-0.6011719644549037,-0.4715015966120589,1.8331675261673834,-0.20924090274615267,0.3259458132178894,-0.23401783337512397,1638281243.3057547,1638281255.0662358,0.547636244696918
0.3814319559132804,0.48037977806404336,0.33664986618047543,0.2284599251943565,0.4468310805949829,0.3139862581981038,0.22798465012677904,0.5426170269568508,0.33201178144698934,0.3294980521231476,0.5715069605983804,0.35133792805492836,0.23725291468099033,1.2206139983961546,-0.4433468983564841,-0.6671399371362109,2.036841652924418,-0.4723782650535991,0.6192264279511712,-0.5070192506070902,1638281265.2858124,1638281277.046087,0.46199296748853197
0.43611319193793485,0.52783495251533,0.5008018124760514,0.3306295235553513,0.5327196893628785,0.3829507794529159,0.30230398861874214,0.6053677893705622,0.4414315830937951,0.36869337226624654,0.6056194460137582,0.5257256222819207,0.19372501007960896,1.3483360280438694,-0.11670527492928526,-1.0782829827642137,2.0395920351125816,-0.6469114485818482,0.7791368033739627,-0.6638982470386428,1638281287.2460856,1638281298.846181,0.08585559310368596
0.5000443476988216,-0.011320230363836347,0.10700535832450117,0.4869887588784668,0.14070632937850952,0.14892184914054754,0.5294330151686327,0.14516563279295552,0.06129397730934054,0.5439424069968476,0.04414181279226502,0.02817671044561382,0.3500659216932149,0.5786179673989801,-0.6452338852511923,-0.559945470072764,1.1151697374281506,0.12671465377675487,0.06681300397073792,0.12792838138659965,1638281309.2560499,1638281320.715766,0.21515253394780412
0.6392646922909051,-0.13790008542990115,0.2527179994433315,0.6151145989763505,-0.14958797532992069,0.09677011760355816,0.7033650106932715,-0.10865365527724426,0.10279498054818345,0.7247374937858398,-0.09514520207211383,0.20707267000975274,0.1448124253258126,0.3825558501781579,-0.15337187529839955,-0.7422401028570276,1.2133133267373148,-0.47902879945427107,0.6550628596860879,-1.1369793792319345,1638281331.2161736,1638281342.6859863,0.18205128746575489
0.5739303321992391,-0.013586554494906993,0.327733419583259,0.5006435319506173,0.12642770393872016,0.335770207680123,0.5940926353799594,0.1507524380891996,0.3225168839906324,0.650222318773281,0.059368436444270645,0.319122549138656,0.3427156987589832,0.3338844818253771,-0.39735817350668345,-0.6986713508154943,1.602595761754055,-0.19901999594208014,0.6693539917710234,-0.2026569736920438,1638281353.1459825,1638281364.6562278,0.11027909739166904
0.6800711870117848,-0.1206682729122427,0.5639859530114292,0.6847899679831083,-0.21958835908869564,0.4405676298625826,0.7470040176570861,-0.14900239943323432,0.41512953731962415,0.7462526822977213,-0.07640999240309872,0.4941414001794584,0.05410121928384242,0.4120199199533979,0.6490469549270026,-1.0040674746546785,1.1205539294448266,-1.2677694369034285,0.974052015362042,-0.3284163333881248,1638281375.1257381,1638281386.4758193,0.4879498643303902
0.5462932213962824,0.2064567166908492,0.16940395947999193,0.5976180919016179,0.26939772701489373,0.3052116155670384,0.6580908836299391,0.3071324486391121,0.23873456755563918,0.6302374829583799,0.26572061085229354,0.1437485435496941,0.23550668866387495,0.45131227777743554,-0.8260827789736483,-1.0651062536662304,1.7170494480321714,1.3380732236325352,0.30712403365068186,-0.6932118558872328,1638281397.0561326,1638281408.3462207,0.19444724819985604
0.5947929121729102,0.016584867895613618,0.23790656338031013,0.466068502331162,-0.07382933984321104,0.2550772742729477,0.45865780253483723,-0.04142346918301564,0.16345301105663484,0.5422934084575068,0.023538518598319146,0.14618621178520871,0.2145163034619717,1.0179428109520365,0.34039687028407684,-0.061032690072981115,1.6173603768778764,-1.6948380430856502,0.665291187584909,0.5900493022690713,1638281418.9463875,1638281430.1956708,0.40765214419696705
0.5565238563558017,0.146899417929257,0.33231837307572976,0.4404947745237274,0.2540549979230322,0.3420380361764211,0.5199580802579588,0.30836848667959554,0.3266855973971328,0.6035360516867153,0.24124251768863483,0.32200594525748955,0.34252063011076117,0.4634663275055519,-0.4992132689987349,-0.7090592228161169,1.7420380441692789,-0.3313167672457146,0.49354111174415743,-0.2724968647663047,1638281440.7157404,1638281452.1963766,0.170172313578634
0.6461492312511663,0.08327431293395589,0.474816513885095,0.5613819872522913,0.09243155048086665,0.34151162412687247,0.6149555134680386,0.17383503019781038,0.33966158518798056,0.6732269378734038,0.17521313984361947,0.4297484276395605,0.27742839822043186,0.6129434244053727,0.219680849602342,-0.7033676750805044,1.7569142615285305,-0.6391381957241198,0.7003566513194296,-0.5411923332784568,1638281462.596068,1638281474.05643,0.4107719932559393
0.48898272817846944,0.2679082979492981,0.11324118618659514,0.3814183547096061,0.36887094395759024,0.1704772013719341,0.4081467848873777,0.40995330887307485,0.08622851543962011,0.4838973221694438,0.3472594756383698,0.04327996429083813,0.3480147887718624,1.0361026891660916,-0.7058412146047112,-0.5662445099683127,1.2763732976360291,0.015732410984813674,0.04273513392100927,0.01616043298448813,1638281484.4561481,1638281495.9961197,0.4606395440909636
0.5175339269161342,0.2959167284025314,0.21058141200396657,0.38320514966909314,0.3666826791172554,0.2551627692091157,0.43376945165497593,0.4388028241880634,0.213425137293434,0.5281806731701262,0.3976898462633717,0.18326981880697618,0.28927327773580963,0.8034514441397295,-0.5669545957903236,-0.655801644894496,1.6904155427099032,-0.1923612259757431,0.33884325322502795,-0.2007026336920196,1638281506.285736,1638281518.0156946,0.1392340854032286
0.5910732144612486,0.2776224682678916,0.32189354666149245,0.4489663776785465,0.29611431376082775,0.254788775388053,0.49075206706837454,0.38341168434537104,0.24324638809565124,0.5873563417312354,0.378446626848815,0.28968004603164865,0.2664335448159457,0.8941250113054188,-0.16650545039583212,-0.6341737711811232,1.777936721582231,-0.47827283517294245,0.5648429219040764,-0.43050330416989446,1638281528.2057061,1638281539.8662872,0.5537245611863822
0.6859698376978771,0.2548063990017856,0.5906669357220745,0.7756412261918683,0.27879654887652877,0.4625147030795391,0.7916619177695047,0.35846368046182936,0.5163341523477827,0.7308666586467353,0.3497535329371964,0.6043179083225598,0.1183831768691531,0.8085746589899875,-0.09918550340751761,-1.6797399085422189,1.5997353094816162,-1.1234124443619617,0.37350557228315656,-0.9459882095609119,1638281550.2858808,1638281561.7257557,0.38714613499886985
0.5028806044458599,0.4094957548703439,0.10279131410645348,0.3616883929227238,0.4646642412234136,0.14818653532495,0.3817611084942454,0.5172036471313677,0.06858255972858154,0.47860304797450076,0.4864046759018553,0.03414191635313093,0.2998746001203128,1.3427284333431684,-0.6384257494928655,-0.6627476049598776,1.3066405766169997,-0.027154292905618393,0.020424736506879957,-0.02725523786785269,1638281572.195695,1638281583.956283,0.48336339680555107
0.5135095802186708,0.42391074817400876,0.21499244912326085,0.36534288064805526,0.46130809796767364,0.2560729126216376,0.3911370578266535,0.5340223170752508,0.19651272905935066,0.4927381316992413,0.5160447196134558,0.16706571491457897,0.33403397494168835,1.228576633295012,-0.5495766641567826,-0.6991004185981208,1.5264508058025543,-0.11786395951791782,0.18934115860314202,-0.13060859133805547,1638281593.9059153,1638281605.7558992,0.5436321976149769
0.5538884149616848,0.4532797573401619,0.3264416761718248,0.39653277175091745,0.4624285083101252,0.3124762072704642,0.4258474614289465,0.5539626942270618,0.29628341670755187,0.5325736523662562,0.5552389154808135,0.30728295757888113,0.29638882269525757,1.208593902482957,-0.3247345214170086,-0.7574225613174413,1.7366534826904731,-0.2588640696363141,0.48131602510772586,-0.3035094560913504,1638281615.9160075,1638281627.716032,0.48977669843930327
0.6399750473466895,0.4913876951119018,0.4832743190912066,0.5473896910673882,0.5088747600726068,0.3561456792190959,0.553469075183902,0.5992761492321917,0.39207198932376514,0.6131723396486412,0.5938267908336382,0.48106032166315316,0.18091886550689956,1.2589211281935155,0.08959982081877034,-1.0518685370923988,1.689965929636858,-0.48403330664748573,0.717841665002479,-0.4987939933574034,1638281637.8662002,1638281649.456322,0.11260847722534417
0.6760546624670639,-0.02886905641661779,0.0828699860474892,0.6474997726948554,0.12671469204980304,0.0870899338708307,0.7042308154425506,0.1164459346026844,0.008501220149737265,0.7298572953603988,0.012483589783958563,0.0015540770653303065,0.24712643678160826,0.8244871149520443,-0.5078617245811115,-0.7432951115781014,0.901889646579079,0.12342310485081473,-0.01926107936078865,0.12435895301725787,1638281660.0558476,1638281671.4558086,0.1706542153535592
0.8166733915612383,-0.015890567222070506,0.21558281178263686,0.8587529669878085,0.13088943436214753,0.2571094936543438,0.9380959352384631,0.07814478106545407,0.2776711674945362,0.9149269215783137,-0.023979569275050478,0.2542851134454071,0.14977897438051388,1.232211205535867,-0.9895218575293684,-2.853812225492373,0.8488738814105725,-1.1055405760201849,0.5068266125960943,-0.02650929053475188,1638281682.0257425,1638281693.4459438,0.18527640406920248
0.7205245172019958,-0.04097312771504114,0.321117224691458,0.6596740708083971,0.10446865534871105,0.30757310137060134,0.7486749304072429,0.1137028340624923,0.26892572698098344,0.7968752138846323,0.018246273633457745,0.2777504738320074,0.34944089421555646,0.6360650819633688,-0.3528382808744172,-0.8594900311114824,1.204877591576569,-0.08507315695347849,0.32687828242897293,-0.0723840337131826,1638281704.0062847,1638281715.5761437,0.17336439614685545
0.7763498832058299,-0.08928957925594239,0.4535156639079465,0.7111132825518522,0.012367304314121924,0.3512923750971233,0.8052424218189665,0.0376602891517469,0.3510948811275907,0.8551495242555013,-0.026249884875050287,0.42136479887668643,0.29389998823673147,0.6438059019987448,-0.010220860979692152,-0.7902642536186,1.2125021720043603,-0.2712337184709688,0.6027269084209463,-0.23969356825514163,1638281725.7157385,1638281737.396081,0.13535600359155361
0.6675415263918381,0.12029847573412335,0.08958444355407172,0.5967250686574443,0.26090351687682456,0.10554645390843645,0.6500463223994966,0.2716971476401086,0.024673719027587398,0.7034337935281655,0.17983715094863503,0.009685017746473356,0.2754529208744425,0.9851776028261221,-0.550724047817346,-0.726246356504589,1.008162195745911,0.08321553436334728,-0.013564186229371706,0.08386963396688078,1638281747.7661746,1638281759.595864,0.3685726929569445
0.6795911203408782,0.12690455387877927,0.2082848698172682,0.6027240647466712,0.26296846710139976,0.23313652189629736,0.6678722312534605,0.28622880145038354,0.16447253517530896,0.7258444429014326,0.19807615577446,0.14494223704964967,0.3499012310709222,0.875379541160204,-0.5243706132916097,-0.8151133659873435,1.1584294346948765,0.008693507335903463,0.1201319455709132,0.008299866047914953,1638281769.4659743,1638281781.425676,0.06190917255690352
0.7172282551621547,0.09752628374507276,0.32127944171827805,0.6042354893663336,0.20377920950589223,0.2899347838403632,0.6830373134772489,0.24140224845362254,0.24663525815765341,0.7647911616415201,0.17489621178333886,0.2667934828899645,0.34989473746723376,0.7986849706918647,-0.2792434566210686,-0.7465665802124419,1.3547428708074032,-0.18417603481630979,0.2975353193198004,-0.1590163145252579,1638281791.4664576,1638281803.2960045,0.05900963475621082
0.7880956247315738,0.08308874379977832,0.458892150691872,0.6962942431327046,0.1512745626112225,0.3495178708909502,0.7767450687104976,0.20629395574896608,0.3487436132199806,0.8426548611810346,0.16672266053674237,0.4235975277248611,0.2753171710699036,0.7940045483258346,0.0623995739841886,-0.8150150275989174,1.3996338344029629,-0.3385233032191091,0.5723326877847759,-0.31650462254636225,1638281813.576198,1638281825.0658212,0.4151554255552986
0.6692553598554667,0.26607772335732777,0.08893536286301458,0.5595309440699489,0.37901378352579906,0.10460483870310433,0.6092237584028877,0.4068405924246336,0.02550777868564632,0.6878199887351764,0.3352648337297864,0.010925558355213555,0.2609868455253516,1.1923878790509697,-0.5379454061717328,-0.7522684267021293,1.07282785885166,0.03970180834957279,-0.01755123536044485,0.04005646268650984,1638281835.4058604,1638281847.366533,0.2647835453228035
0.6826711554614492,0.27219652169771386,0.2065949355937948,0.5647554185457256,0.3762835192595898,0.22395244975469403,0.6226485168463043,0.4187601988419014,0.15804207742202148,0.706956556968749,0.35393831978968354,0.14378149446321156,0.32613733535986883,1.09038518313684,-0.48297998067660874,-0.8118910244158833,1.2347336223743701,-0.03585730441574792,0.11094312615939714,-0.03619614834061307,1638281857.1867428,1638281869.2057297,0.5555027426458822
0.7180390012505007,0.27306960589627005,0.32268812947804637,0.5845095741730654,0.3562724903923715,0.30575570535872937,0.6524779036959089,0.4149925440834187,0.26790958028824213,0.7468530438222272,0.36516914257243716,0.2790477762937421,0.3318750737720964,1.0091794797352132,-0.32195762755683927,-0.8515847428637917,1.415839633977522,-0.1781602256465293,0.28042886066019695,-0.15410609145133117,1638281879.1964016,1638281890.9459994,0.5488098336628635
0.7996800549672897,0.2684702329738066,0.46306086312165456,0.7005047584731842,0.3184272826481448,0.35033070257795723,0.7643197615597057,0.3916854183872323,0.3581383582013752,0.8333761757957185,0.3651190705949752,0.4358463936976668,0.21596719360885855,1.0091992253678133,0.11731507621515598,-0.9443296626134716,1.4645948873661199,-0.33312705857456404,0.5219263104317053,-0.3198930367728713,1638281901.1757283,1638281912.7559154,0.13705756546921063
0.684506589062663,0.4191183279803099,0.08063533761691631,0.546835865453916,0.4969864077201665,0.08541396926554552,0.5957079601794172,0.5421818287015573,0.014217985472559879,0.6921383148332018,0.49557352312952724,0.0077424399957828904,0.1989121411637912,1.4164789836356422,-0.4620332370232466,-0.8372695965865151,1.1099287965192017,-0.002265193860088142,-0.0201479566163062,-0.0020402978276653438,1638281923.1057215,1638281935.1259594,0.44950296611343227
0.6930742175927742,0.42123125463505673,0.20349401249482216,0.5525502494544545,0.49386641604835135,0.20757113843290925,0.6037850443488745,0.5476655745193143,0.1444783567317056,0.7021010195985325,0.5049989875405602,0.1393182538379302,0.28653509390499343,1.362190197469229,-0.4191704066430004,-0.8702759352771978,1.2044275030404878,-0.04478618496418792,0.05634148564759574,-0.047027570026027005,1638281944.6161568,1638281956.845939,0.1275818027012667
0.7172533919177454,0.42459616469058437,0.32588589450625177,0.5706953304438769,0.48099913603852584,0.30641861894026906,0.6262876052414281,0.5467667637345219,0.2607657251277884,0.7282508349412629,0.5156208059221515,0.2728705628554897,0.3355453461706781,1.3112933062142593,-0.30188014413126046,-0.8797969050244753,1.3220995375204359,-0.12076333274054331,0.17832088071833863,-0.12479164509955103,1638281966.6661355,1638281978.5361316,0.4743774904514383
0.7853117597149697,0.4422778278049921,0.45859937594436434,0.6654972103092458,0.4816236971160052,0.36301741883975874,0.7212578436659867,0.561566173738438,0.3631611675182237,0.8036583131983507,0.542341898607521,0.4291436456475919,0.2345937664176149,1.2679839743579202,0.022290820290781253,-1.0286235370850192,1.4090033612737183,-0.27569352264332003,0.3631175114086977,-0.2734030187478665,1638281988.7558117,1638282000.3963966,0.5465614419993302
0.873406289734694,-0.04893379900284814,0.07639045734893551,0.8551288652249167,0.10252101436067726,0.034355980645420094,0.9320366794951968,0.07378804504583107,-0.018176527975922736,0.9517180556419843,-0.028360406167480923,0.008118489726785147,0.014913129701152257,1.037146793206866,-0.20646004378788194,-0.9021525055613533,0.6568323089386318,0.125514462585016,-0.13406663241493624,0.11845722552636674,1638282010.7759154,1638282022.6661572,0.22389626159940146
0.8854429348821311,-0.05032672542748142,0.18550859452926635,0.8640845819180264,0.10158047945535219,0.14668133805845016,0.9478750299142963,0.07869412521121859,0.10246093362526612,0.9698100010856003,-0.023321252502666014,0.1274572785354505,0.08683485755559792,0.993379816204225,-0.15448455171268483,-0.9553140657673669,0.7315490448104882,0.09159801872557156,-0.038655913157989955,0.0905826523365654,1638282032.275927,1638282044.8563282,0.16875813712076074
0.8950106249331777,-0.052852239433510015,0.31545056945320615,0.8724403253034136,0.09861852229832001,0.27561724033147206,0.960449595732098,0.0786220117677952,0.2388130477279698,0.9832601039413892,-0.02286129654986009,0.2651552874126213,0.18361986370208003,0.9709936250321695,-0.11917693132105463,-0.9997749320027548,0.7663036454000627,0.07002018754424741,0.009636473885012287,0.06949062184209423,1638282054.0757904,1638282066.4957433,0.5528794059795941
0.9144863608891629,-0.05924607105408474,0.4461851396347923,0.8929230893886672,0.08988573241162369,0.3978708884434924,0.9866855287793892,0.07298113680630966,0.3773061614215538,1.0087600283920186,-0.026589578679250207,0.41064541888834,0.23443724446900402,0.9505114174632836,-0.0325156683877646,-1.0639905253939936,0.792109793180883,0.03842547983742605,0.0782885975841433,0.03581351698558255,1638282075.9461658,1638282088.3060143,0.37104870736100204
0.8687643149957753,0.11209656065400768,0.061260932867246626,0.8048572389435407,0.2534951226858686,0.030250377012014787,0.8846370370175352,0.25217641330657625,-0.0257260228721654,0.9346757144206927,0.15912323983011262,-0.007011768625950253,0.04957902570144855,1.1410373449718014,-0.258554419221043,-0.9075648828527758,0.8206377558858291,0.07462728664427,-0.04965074755147418,0.07425913701218395,1638282098.2659342,1638282110.6060271,0.6090398234159159
0.8741655546365095,0.11100862149407764,0.18991164557681214,0.8094531122997146,0.2525218038386308,0.16117508916751427,0.8918658856450279,0.2545678348805718,0.10917493759082693,0.9425061411022411,0.16162463775610103,0.1267881562350293,0.15916158551382895,1.1149904543841003,-0.2374961031767958,-0.9445013110101893,0.8620947993284139,0.054880433152444466,-0.008342130796570677,0.05476013520547631,1638282119.9462566,1638282132.265782,0.4800527491058006
0.886452325208192,0.1095727972175516,0.3182355414257048,0.8188029124538423,0.24907353299801294,0.2865716402585257,0.9062814743291934,0.256440911290922,0.2442253266921306,0.9589313538543022,0.16521258173668144,0.264682064428985,0.24835862448516452,1.0811901125120431,-0.19646651403237653,-0.9933308181370012,0.9165153891912801,0.022408229283634517,0.05653239558934249,0.021170898574171235,1638282141.9957147,1638282154.205702,0.3315909431978016
0.9160095739050772,0.10699621115039862,0.4476807979433647,0.8489672839379532,0.2416421802883555,0.3985348888303753,0.9436585582016555,0.2557566960957049,0.380248291552072,0.9956664117435176,0.16830930967077562,0.4143278148956841,0.2660825813362084,1.0429982651800462,-0.07665823152493609,-1.084097858063792,0.9764020498973353,-0.033057854715287216,0.16491073247092677,-0.03710340430174489,1638282163.9257448,1638282175.9257357,0.6628770208613421
0.8722107841182978,0.26934039609037386,0.06143572047516587,0.7770770854092441,0.39170708078034794,0.029572896034075716,0.8562838182468038,0.41030891924862056,-0.024093654728231658,0.9266807107057341,0.3317164530181669,-0.0045884335348735155,0.036577886824192385,1.3117676206712383,-0.2458417725981295,-0.9454636536199149,0.8729790506617742,0.042916814647488644,-0.0503658783968868,0.04255319606494813,1638282186.0658982,1638282198.2059085,0.7936599276397791
0.8778219661417487,0.2689206348655185,0.18994180856402165,0.7819380550998217,0.3909891594409688,0.15920251242842076,0.8628675904682477,0.41297575240645434,0.10953311467252447,0.9337758794651043,0.3347573873948307,0.12869038178343775,0.14471464779346674,1.2883907940952777,-0.2207595839300628,-0.9751964684621957,0.9128196161523913,0.02548433356382704,-0.013336516267541298,0.02528059478971652,1638282207.6258113,1638282220.1357484,0.1197910723481406
0.8893580673934338,0.2686476712368428,0.3195476353612718,0.7920054370881555,0.38815915297836373,0.2837844406855715,0.8763343935471576,0.41491526418917907,0.24288448936144638,0.948184442443396,0.3387033816593553,0.2661743425701673,0.2346889336689331,1.2592968872689154,-0.17738459058253125,-1.0157030900221486,0.9609932541127748,-0.0032844178166347377,0.039507156480053124,-0.003807883704987245,1638282229.4557743,1638282241.535843,0.23559229902772333
0.9269334051169371,0.274716430011946,0.4515613551162894,0.8388615802829892,0.3915194181317368,0.39122932514089487,0.9299466703857159,0.42486157980796196,0.3816440943837487,0.9951641061332079,0.35081115653613615,0.42379050688459163,0.18125060249768654,1.1962862349331633,-0.02476434114051832,-1.285751737500956,1.0414975138343243,0.07711013137950946,0.035855382755459804,-0.2964735494748584,1638282251.706231,1638282263.4365633,0.11527060033751811
0.8756625393701237,0.42454624916151495,0.07957195963591554,0.7681411514196509,0.5336829576285815,0.03997767322717247,0.8457135057063317,0.5580957241572817,-0.013748242142808129,0.9240246522758655,0.4889840608778909,0.010826956620996971,0.014912645077519276,1.5704787989459799,-0.20482578380173327,-0.9806174621875255,0.7604524215388,0.061401833173205494,-0.16059984820599532,0.056716148651133544,1638282273.7357585,1638282285.6658847,0.5823405882359741
0.8917369613984929,0.4318094037492216,0.18760106867105428,0.7815217022251462,0.5369391170201454,0.1447073078773429,0.8628321146100981,0.5716943499655026,0.10370959947558686,0.9428033013348306,0.5058510463928892,0.13168042379810752,0.060167423152615605,1.51488754147116,-0.1269649011484095,-1.0539400310903344,0.8545299690778646,0.01639351329604832,-0.06606567892124018,0.016773326528048305,1638282295.3157814,1638282307.7857919,0.3274023675550963
0.9048621207155447,0.4359977959457287,0.3183010940411704,0.796146646495436,0.5405560578096589,0.2704662649044629,0.8800543650731475,0.5802564306089668,0.2407442206956605,0.9589009668430512,0.5150094779518007,0.27297997716323846,0.13136172727433892,1.4920973133138937,-0.06460292604728776,-1.1142991545144634,0.8898945263817096,-0.007874470703700558,-0.020576152849820933,-0.008311190005872986,1638282317.025895,1638282329.6657536,0.5232471334339182
0.9163198050281759,0.4369742014035333,0.45072568357129933,0.8110608467136217,0.5421367669762607,0.3968655276435592,0.8968024859985652,0.5837291126809115,0.3764076098878674,0.9732269787749639,0.518126450521679,0.41340308119367364,0.20916234679952556,1.4855059794947632,-0.0029996571496490932,-1.1544883479665848,0.8968941827231715,-0.02188980320870729,-0.00026130365332645663,-0.020805016054089326,1638282339.1060867,1638282408.1961074,0.3110305106608499
