q0,q1,q2,q3,q4,q5
0.0,0.0,0.0,0.0,0.0,0.0
0.0013489249499574214,0.0013224068349889228,0.0012808350464857926,0.0010493342528888263,0.00121364126262911,0.0011518757578696207
0.0027116837669099838,0.0026594869354773574,0.0025782089041559387,0.002110299248192809,0.0024424240269000537,0.0023179461260893204
0.004087922011682762,0.0040108526140579664,0.0038917741470165753,0.003182723848586273,0.0036860919560267732,0.0034979025848996684
0.005477281372023468,0.005376110810939743,0.005221176835419578,0.004266434335609265,0.004944383112926995,0.0046914315608760256
0.006879399832600681,0.0067548633267384426,0.006566056746014047,0.005361254480175683,0.006217030090379313,0.005898214589757664
0.008293911846776882,0.008146707058645813,0.00792604760594002,0.006467005613862084,0.007503760144403777,0.007117928482036088
0.009720448510056478,0.009551234239805414,0.009300777331073472,0.007583506700937522,0.008804295330779538,0.008350245491198938
0.011158637735107991,0.010968032681720677,0.010689868268127947,0.008710574411094714,0.010118352644610975,0.00959483348452425
0.012608104428258788,0.0123966860195181,0.012092937440415742,0.009848023192842548,0.011445644162851416,0.010851356116318028
0.01406847066735992,0.01383677395988682,0.013509596797068193,0.010995665347519841,0.0127858771896919,0.012119473003486656
0.015539355880917649,0.015287872531513234,0.014939453465512323,0.01215331110389002,0.014138754404720184,0.013398839903334306
0.017020377028387896,0.01674955433782791,0.016382110006998407,0.013320768693276296,0.015503974013753318,0.014689108893473643
0.01851114878152884,0.01822138881187992,0.01783716467497076,0.014497844425196686,0.01688122990224553,0.015989928553737463
0.020011283706706705,0.019702942473152265,0.019304211676071905,0.01568434276345845,0.018270211791171262,0.017300944149976905
0.021520392448049014,0.021193779186130822,0.020782841433568514,0.016880066402671066,0.019670605395281333,0.01862179781963133
0.02303808391133912,0.022693460420437326,0.022272640852985203,0.018084816345137096,0.02108209258362892,0.019952128758953438
0.024563965448545808,0.024201545512336442,0.02377319358973145,0.019298391978080146,0.02250435154226039,0.021291573411772242
0.026097643042881067,0.025717591927425478,0.02528408031850479,0.020520591151169356,0.023937056938964432,0.022639765659675824
0.02763872149427908,0.027241155524314546,0.02680487900425264,0.02175121025429951,0.02537988008997169,0.02399633701349437
0.029186804605189458,0.028771790819104484,0.02833516517447402,0.022990044295586376,0.0268324891284958,0.025360916805963953
0.03074149536657716,0.030309051250468743,0.029874512192641395,0.024236886979536538,0.02829454917500536,0.02673313238545008
0.03230239614402233,0.03185248944514575,0.031422491532522495,0.025491530785351497,0.029765722509115296,0.02811260931060976
0.03386910886381249,0.03340165748364744,0.03297867305318124,0.026753767045325734,0.03124566874298527,0.029498971545870396
0.035441235198919945,0.03495610716598958,0.03454262527443694,0.028023386023298465,0.03273404499611096,0.030891841657603017
0.037018376754757935,0.03651539027725003,0.03611391565256034,0.029300176993119428,0.034230506071394315,0.03229084101086712
0.03860013525460826,0.03807905885276057,0.03769211085598589,0.03058392831708881,0.03573470463237697,0.033695589966604336
0.040186112724614455,0.03964666544273895,0.039276777040819194,0.03187442752433188,0.037246291381520955,0.0351057080791573
0.04177591167823437,0.04121776337616781,0.040867480125919745,0.03317146138906925,0.03876491523941979,0.03652081429399078
0.04336913530004651,0.04279190702372792,0.04246378606733898,0.03447481600874351,0.04029022352482254,0.03794052714549118
0.04496538762880531,0.04436865205959418,0.04406526113189535,0.03578427688196405,0.04182186213535321,0.03936446495472133
0.04656427373964066,0.045947555721903684,0.04567147216966852,0.03709962898623143,0.04335947572880677,0.04079224602700709
0.048165399925298086,0.0475281770717057,0.04728198688519626,0.03842065685540341,0.04490270790490354,0.042223488849232646
0.04976837387631616,0.04911007725020584,0.048896374107159184,0.039747144656865206,0.04645120138738284,0.043657812286721616
0.051372804860039215,0.0506928197341168,0.05051420405633976,0.04107887626836661,0.0480045982063168,0.04509483577958163
0.052978303898363374,0.05227597058893063,0.05213504861164393,0.04241563535448928,0.049562539880525384,0.04653417953838997
0.05458448394411574,0.053859098719928396,0.053758481573975773,0.04375720544270788,0.05112466759997326,0.04797546473909913
0.056190960055966716,0.05544177612074542,0.05538407892775757,0.04510336999900908,0.052690622408029394,0.049418313717040876
0.057797349571777006,0.057023578119312225,0.05701141909989005,0.0464539125030332,0.05426004538347089,0.050862350159909
0.059403272280281826,0.05860408362099307,0.0586400832159499,0.04780861652270318,0.055832577822111734,0.052307199299600704
0.06100835059101556,0.06018287534874646,0.06026965535342472,0.049167265788307025,0.057407861417938764,0.05375248810279849
0.06261220970238224,0.061759540080134755,0.06189972279178786,0.05052964426599939,0.058985538443636576,0.05519784546017415
0.0642144777677772,0.06333366888101166,0.06352987625921894,0.05189553623068912,0.060565251930383986,0.05664290237409871
0.06581478605966802,0.06490485733571981,0.06515971017577872,0.05326472633828014,0.06214664584680556,0.05808729214474209
0.06741276913154283,0.0664727057736332,0.06678882289285089,0.054636999697233166,0.06372936527696152,0.05953065055444811
0.0690080649776368,0.06803681949188208,0.0684168169286658,0.056012141939417184,0.06531305659726117,0.06097261605027162
0.07060031519034779,0.06959680897410071,0.07004329919972589,0.05738993929021904,0.06689736765218468,0.0624128299245654
0.0721891651152552,0.07115229010504245,0.07166788124795537,0.058770178637881594,0.0684819479287004,0.06385093649350644
0.073774264003656,0.07270288438090874,0.07329017946340145,0.06015264760204018,0.07006644872926389,0.06528658327345224
0.07535526516253528,0.07424821911524287,0.07490981530231794,0.06153713460142851,0.07165052334328834,0.06671942115501935
0.07693182610188856,0.0757879276402423,0.07652641550046614,0.06292342892072599,0.07323382721697481,0.06814910457477814
0.07850360867931658,0.0773216495033478,0.07813961228147312,0.06431132077651837,0.07481601812139385,0.06957529168445939
0.0800702792418137,0.07884903065897014,0.07974904356009072,0.06570060138234499,0.07639675631871017,0.07099764451756961
0.08163150876467404,0.08036972365522027,0.08135435314020431,0.06709106301280653,0.07797570472644386,0.07241582915331465
0.0831869729874402,0.08188338781551198,0.08295519090744441,0.06848249906670766,0.07955252907966331,0.0738295158777322
0.08473635254682223,0.08338968941491012,0.08455121301625924,0.06987470412920982,0.08112689809100607,0.07523837934193597
0.08627933310651659,0.08488830185110256,0.08614208207131165,0.07126747403296993,0.0826984836084257,0.07664209871737664
0.08781560548385557,0.08637890580987695,0.08772746730306795,0.07266060591824268,0.08426696077056428,0.0780403578480263
0.08934486577322187,0.08786118942498859,0.08930704473745256,0.07405389829192262,0.08583200815965254,0.07943284539939538
0.09086681546616247,0.08933484843231,0.09088049735944699,0.07544715108550554,0.08739330795183992,0.08081925500429332
0.09238116156814084,0.09079958631815709,0.09244751527051658,0.07684016571194772,0.0889505460648607,0.08219928540524643
0.09388761671186653,0.09225511446169168,0.09400779583975524,0.07823274512140307,0.09050341230294283,0.0835726405934883
0.0953858992671442,0.09370115227130443,0.09556104384864253,0.07962469385581873,0.09205160049886842,0.08493902994444134
0.09687573344718721,0.09513742731488715,0.09710697162931392,0.08101581810237113,0.09359480865309752,0.08629816834960939
0.09835684941134147,0.09656367544390883,0.09864529919625084,0.08240592574572449,0.09513273906986813,0.08764977634480466
0.09982898336416896,0.09797964091121328,0.1001757543713018,0.08379482641909497,0.09666509849018814,0.08899358023463393
0.10129187765084212,0.09938507648246285,0.10169807290195375,0.0851823315541048,0.09819159822163719,0.09032931221317243
0.10274528084880268,0.10077974354115612,0.10321199857277613,0.08656825442941082,0.09971195426489775,0.09165671048075563
0.10418894785564108,0.10216341218715358,0.10471728330996874,0.08795241021809366,0.10122588743693907,0.09297551935682191
0.1056226399731546,0.10353586132865007,0.10621368727894825,0.08933461603379357,0.10273312349077776,0.09428548938874236
0.1070461249875456,0.10489687876753788,0.10770097897491596,0.09071469097558085,0.10423339323174295,0.09558637745657601
0.10845917724572259,0.10624626127810934,0.10917893530635442,0.09209245617154853,0.10572643263017598,0.0968779468736917
0.10986157772767054,0.10758381467905344,0.11064734167140702,0.09346773482111706,0.10721198293049643,0.09815996748320073
0.11125311411485836,0.10890935389870579,0.11210599202710127,0.09484035223604037,0.10868979075657038,0.09943221575014743
0.11263358085465461,0.11022270303351721,0.11355468895138188,0.09621013588010456,0.11015960821331815,0.10069447484940722
0.11400277922072455,0.11152369539971009,0.11499324369792616,0.09757691540751061,0.11162119298450164,0.10194653474924456
0.11536051736938462,0.11281217357809914,0.11642147624372155,0.09894052269993364,0.1130743084266353,0.10318819229048716
0.11670661039189308,0.11408798945205616,0.11783921532938947,0.10030079190225237,0.11451872365896595,0.10441925126127412
0.1180408803626571,0.11535100423860588,0.11924629849224731,0.10165755945694253,0.11595421364947027,0.10563952246734004
0.11936315638334064,0.11660108851264343,0.1206425720921064,0.10301066413712986,0.1173805592968224,0.1068488237977996
0.12067327462285898,0.11783812222427112,0.12202789132980937,0.10435994707829785,0.11879754750828461,0.10804698028639971
0.12197107835324847,0.11906199470925567,0.12340212025851725,0.10570525180864783,0.12020497127348043,0.1092338241682104
0.12325641798140326,0.1202726046926145,0.12476513178776248,0.10704642427810823,0.1216026297340084,0.11040919493172752
0.12452915107667267,0.12146986028534287,0.12611680768029035,0.108383312885992,0.12299032824886201,0.1115729393663643
0.12578914239431577,0.12265367897430056,0.12745703854171705,0.10971576850730091,0.12436787845562047,0.11272491160531138
0.12703626389481196,0.12382398760528167,0.1287857238030396,0.11104364451767743,0.12573509832738025,0.11386497316374808
0.1282703947590303,0.12498072235929554,0.13010277169603768,0.11236679681700414,0.1270918122254,0.11499299297239102
0.12949142139925998,0.12612382872209352,0.1314080992216145,0.11368508385165359,0.1284378509474339,0.11610884740636916
0.13069923746611095,0.1272532614469803,0.13270163211112945,0.11499836663538969,0.12977305177173215,0.11721242030941718
0.13189374385129216,0.12836898451095438,0.13398330478078058,0.11630650876892522,0.13109725849668985,0.1183036030133826
0.13307484868628033,0.12947097106422673,0.135253060279102,0.11760937645813828,0.1324103214761294,0.11938229435304526
0.13424246733689385,0.1305592033731731,0.13651085022764586,0.11890683853095377,0.13371209765020386,0.12044840067625007
0.13539652239378802,0.13163367275677848,0.13775663475492503,0.1201987664528942,0.13500245057191185,0.12150183584935839
0.13653694365889177,0.13269437951663923,0.13899038242369804,0.12148503434130739,0.13628125042921885,0.12254252125802495
0.13766366812780745,0.13374133286059212,0.14021207015168327,0.12276551897827709,0.13754837406278062,0.1235703858033114
0.13877663996819825,0.1347745508200443,0.14142168312579473,0.12404009982222507,0.1388037049792702,0.12458536589315063
0.13987581049419046,0.13579406016108447,0.14261921470999783,0.125308659018213,0.14004713336031094,0.12558740542917823
0.14096113813681918,0.13679989628945816,0.14380466634688746,0.12657108140695325,0.14127855606702222,0.1265764557889514
0.14203258841054955,0.1377921031494961,0.14497804745309792,0.1278272545325386,0.14249787664018704,0.12755247580357812
0.1430901338759081,0.1387707331170895,0.14613937530865653,0.12907706864890173,0.1437050052960544,0.12851543173078253
0.1441337540982596,0.13973584688680926,0.1472886749404009,0.1303204167250154,0.1448998589177919,0.12946529722343578
0.1451634356027689,0.14068751335327165,0.14842597899958193,0.13155719444884595,0.14608236104260677,0.130402053293584
0.14617917182558904,0.14162580948685707,0.14955132763378073,0.1327873002300716,0.1472524418445579,0.13132568827200825
0.1471809630613178,0.14255082020389268,0.1506647683532723,0.1340106352015801,0.14841003811308243,0.13223619776335443
0.14816881640676977,0.1434626382314134,0.15176635589197282,0.1352271032197588,0.14955509322726548,0.1331335845968738
0.14914274570111033,0.14436136396662136,0.15285615206311146,0.1364366108635916,0.15068755712588355,0.13401785877281758
0.15010277146240233,0.1452471053311657,0.15393422560977335,0.1376390674325783,0.15180738627325438,0.13488903740453162
0.15104892082061677,0.1461199776203703,0.15500065205046223,0.13883438494349143,0.15291454362093085,0.13574714465630125
0.1519812274471625,0.1469801033475398,0.1560555135198371,0.14002247812598712,0.15400899856527783,0.13659221167699695
0.15289973148099,0.1478276120834782,0.15709889860478018,0.14120326441708667,0.15509072690097378,0.1374242765295762
0.1538044794513285,0.1486626402913582,0.15813090217595696,0.14237666395454562,0.15615971077048296,0.13824338411649872
0.15469552419711535,0.14948533115708196,0.1591516252150335,0.14354259956912901,0.15721593860954608,0.13904958610111448
0.15557292478318097,0.15029583441527816,0.1601611746377181,0.14470099677580994,0.15825940508873873,0.13984294082508725
0.15643674641325223,0.15109430617108335,0.1611596631127996,0.1458517837639107,0.1592901110511528,0.14062351322191918
0.1572870603398403,0.15188090871785792,0.16214720887735506,0.14699489138620597,0.16030806344625523,0.14139137472664243
0.1581239437710811,0.15265581035099055,0.16312393554830526,0.14813025314700692,0.1613132752599839,0.1421466031817494
0.15894747977459664,0.15341918517794834,0.16408997193049718,0.14925780518924672,0.16230576544114078,0.14288928273943272
0.15975775717844864,0.15417121292473054,0.16504545182149571,0.15037748628058792,0.16328555882414683,0.14361950376020957
0.16055487046925718,0.1549120787388896,0.16599051381326946,0.15148923779857187,0.16425268604822438,0.1443373627080088
0.16133891968755837,0.1556419729892813,0.16692530109095788,0.1525930037148323,0.16520718347307628,0.14504296204179687
0.16211001032047626,0.1563610910627131,0.16784996122890833,0.15368873057839377,0.1661490930911311,0.14573641010382796
0.1628682531917873,0.15706963315765746,0.16876464598417457,0.15477636749807722,0.1670784624364304,0.1464178210045971
0.16361376434945454,0.15776780407520138,0.16966951108766828,0.15585586612403446,0.1679953444902307,0.14708731450458593
0.16434666495071273,0.1584558130074054,0.17056471603315923,0.15692718062843464,0.16889979758340026,0.14774501589288527
0.1650670811447847,0.1591338733232446,0.17145042386431814,0.15799026768532423,0.16979188529568906,0.14839105586278592
0.1657751439533122,0.15980220235231005,0.17232680095999992,0.1590450864496852,0.170671676351955,0.14902557038442762
0.1664709891485846,0.1604610211664451,0.17319401681796495,0.16009159853571278,0.17153924451542935,0.14964870057459967
0.16715475712965044,0.1611105543594974,0.1740522438372363,0.16112976799433726,0.17239466847810858,0.15026059256378788
0.16782659279639753,0.1617510298253653,0.17490165709929278,0.16215956129001344,0.17323803174835956,0.15086139736056395
0.16848664542168937,0.1623826785345196,0.17574243414829724,0.16318094727680074,0.17406942253582794,0.15145127071341544
0.1691350685216446,0.16300573430918247,0.17657475477056023,0.1641938971737591,0.17488893363374175,0.15203037297011576
0.1697720197241497,0.16362043359734532,0.1773988007734388,0.16519838453968305,0.17569666229870262,0.15259886893473476
0.1703976606356936,0.16422701524580954,0.1782147557638711,0.1661943852472002,0.17649271012806014,0.1531569277223928
0.1710121567066153,0.1648257202724321,0.1790228049267459,0.16718187745625643,0.1772771829349647,0.1537047226118611
0.17161567709485553,0.1654167916377607,0.17982313480330717,0.1681608415870137,0.17805019062119792,0.1542424308961139
0.17220839452830444,0.1660004740162417,0.18061593306979168,0.16913126029218373,0.17881184704787864,0.15477023373093785
0.17279048516583728,0.16657701356718457,0.18140138831649882,0.17009311842882324,0.17956226990414553,0.15528831598170614
0.17336212845713223,0.1671466577056659,0.18217968982748833,0.17104640302961358,0.1803015805739184,0.15579686606842502
0.17392350700136275,0.16770965487355718,0.18295102736110364,0.17199110327365152,0.18102990400084032,0.15629607580916174
0.17447480640485868,0.168266254310858,0.18371559093151368,0.172927210456773,0.18174736855150586,0.1567861402619639
0.17501621513783114,0.16881670582751732,0.18447357059146846,0.17385471796143684,0.18245410587707883,0.15726725756538143
0.1755479243902542,0.16936125957592368,0.18522515621645785,0.17477362122619097,0.1831502507734073,0.1577396287777002
0.17607012792699994,0.1699001658242452,0.18597053729046573,0.17568391771474662,0.18383594103974144,0.15820345771500297
0.17658302194232023,0.17043367473079848,0.18670990269350518,0.1765856068846842,0.18451131733616263,0.15865895078816622
0.1770868049137713,0.17096203611962435,0.18744344049112274,0.17747869015581513,0.18517652303983195,0.15910631683890866
0.1775816774556756,0.1714854992574472,0.18817133772605274,0.17836317087822387,0.1858317041001666,0.15954576697500328
0.17806784217221663,0.172004312632194,0.1888937802122054,0.17923905430001388,0.18647700889305482,0.15997751440476712
0.1785455035102605,0.17251872373324556,0.18961095233116462,0.1801063475347811,0.18711258807421838,0.16040177427094227
0.1790148676120006,0.1730289788335919,0.1903230368313735,0.18096505952883887,0.18773859443183277,0.1608187634840827
0.17947614216751834,0.17353532277406342,0.19103021463017825,0.18181520102821772,0.18835518273851756,0.16122870055556016
0.17992953626735564,0.17403799874980352,0.19173266461890207,0.18265678454546275,0.18896250960280506,0.161631805430304
0.18037526025519215,0.17453724809914992,0.19243056347111412,0.183489824326252,0.18956073332020085,0.16202829931938864
0.18081352558072117,0.1750333100950877,0.19312408545425783,0.18431433631585886,0.1901500137239457,0.16241840453258222
0.18124454465281722,0.17552642173943514,0.19381340224479765,0.18513033812547997,0.19073051203559002,0.16280234431097002
0.18166853069308803,0.17601681755992082,0.19449868274704016,0.1859378489984521,0.191302390715493,0.16318034265976672
0.1820856975899025,0.17650472941030762,0.19518009291578314,0.1867368897763791,0.19186581331335534,0.1635526241814294
0.18249625975298658,0.17699038627371685,0.19585779558293925,0.1875274828651912,0.1924209443188972,0.16391941390918371
0.1829004319686769,0.1774740140693026,0.19653195028828033,0.18830965220115753,0.19296794901279155,0.16428093714107564
0.18329842925592255,0.17795583546242252,0.19720271311444182,0.1890834232168731,0.19350699331796148,0.16463741927465958
0.1836904667231244,0.1784360696784504,0.1978702365263239,0.18984882280724152,0.194038243651352,0.16498908564243348
0.1840767594258988,0.17891493232036937,0.19853466921502047,0.19060587929547262,0.19456186677628326,0.16533616134813015
0.1844575222258543,0.179392635190284,0.19919615594640402,0.19135462239911663,0.19507802965549526,0.16567887110397428
0.18483296965046694,0.17986938611498485,0.19985483741448842,0.19209508319615284,0.1955868993049882,0.1660174390690129
0.18520331575413937,0.1803453887756949,0.20051085009968841,0.19282729409115373,0.19608864264876746,0.1663520886886256
0.18556877398052793,0.18082084254212513,0.20116432613208782,0.1935512887815419,0.196583426374597,0.1666830425353211
0.18592955702622033,0.18129594231096127,0.20181539315982683,0.1942671022239599,0.19707141679086598,0.16701052215092424
0.1862858767058465,0.18177087834890035,0.2024641742227092,0.19497477060076937,0.19755277968467153,0.16733474789025737
0.18663794381870216,0.18224583614035203,0.20311078763113125,0.19567433128669862,0.19802768018122063,0.16765593876641752
0.18698596801696443,0.1827209962399155,0.20375534685042151,0.19636582281565512,0.198496282604651,0.16797431229775112
0.1873301576755781,0.18319653412973774,0.20439796039068406,0.19704928484771997,0.19895875034037125,0.16829008435662446
0.18767071976388758,0.18367262008185642,0.2050387317022243,0.1977247581363403,0.19941524569901856,0.16860346902008913
0.18800785971909112,0.18414941902562396,0.2056777590766372,0.1983922844957364,0.19986592978213036,0.16891467842253743
0.18834178132158885,0.18462709042030814,0.20631513555362924,0.19905190676853818,0.20031096234962567,0.16922392261044303
0.18867268657229846,0.1851057881329564,0.20695094883364104,0.19970366879366588,0.20075050168918962,0.16953140939928033
0.18900077557200762,0.1855856603216101,0.20758528119633168,0.2003476153744709,0.20118470448765358,0.16983734423271252
0.18932624640283177,0.18606684932394754,0.208218209424981,0.20098379224714844,0.20161372570446098,0.17014193004413938
0.1896492950118453,0.1865494915514314,0.20884980473685955,0.20161224604943806,0.20203771844730767,0.1704453671206906
0.18997011509695036,0.18703371738903213,0.209480132719611,0.20223302428962314,0.20245683385004348,0.1707478529697518
0.1902888979950472,0.187519651100591,0.2101092532736857,0.20284617531584292,0.2028712209529199,0.17104958218810642
0.1906058325725681,0.18800741073988714,0.21073722056085953,0.20345174828572868,0.2032810265852673,0.1713507463337739
0.19092110511843466,0.18849710806746156,0.21136408295886444,0.20404979313637608,0.20368639525068197,0.17165153380062603
0.1912348992394957,0.1889888484732516,0.21198988302215363,0.20464036055466397,0.20408746901480176,0.17195212969585683
0.19154739575850357,0.18948273090508141,0.21261465744881716,0.20522350194793068,0.20448438739574828,0.17225271572038164
0.19185877261468162,0.1899788478030509,0.21323843705365872,0.20579926941501805,0.2048772872573085,0.1725534700522393
0.19216920476693553,0.1904772850398584,0.21386124674743873,0.20636771571769172,0.20526630270492952,0.17285456723306653
0.19247886409975948,0.19097812186708918,0.21448310552228184,0.20692889425244768,0.20565156498459555,0.17315617805771427
0.19278791933188427,0.19148143086749753,0.2151040264432439,0.20748285902271307,0.2060332023846555,0.17345846946707102
0.1930965359277146,0.1919872779133018,0.2157240166460255,0.20802966461144895,0.20641134014066578,0.17376160444415684
0.19340487601159903,0.19249572213051058,0.21634307734081376,0.2085693661541628,0.20678610034331235,0.1740657419135496
0.1937130982849748,0.1930068158692908,0.21696120382222986,0.20910201931233763,0.20715760184947066,0.17437103664420125
0.1940213579464283,0.19352060468038448,0.21757838548535352,0.20962768024728357,0.2075259601964633,0.17467763915570075
0.19432980661470656,0.19403712729757505,0.21819460584778863,0.2101464055944186,0.2078912875195695,0.17498569562803687
0.19463859225471924,0.19455641562620032,0.21880984257773167,0.21065825243798325,0.20825369247283923,0.1752953478149119
0.19494785910656068,0.1950784947377025,0.21942406752799617,0.21116327828619355,0.2086132801532629,0.17560673296065396
0.19525774761758583,0.195603382870203,0.22003724677594344,0.2116615410468381,0.20897015202834338,0.17591998372077453
0.19556839437756815,0.19613109143508164,0.2206493406692624,0.21215309900332135,0.20932440586711512,0.17623522808621273
0.19587993205696652,0.19666162502953816,0.22126030387753806,0.2126380107911572,0.2096761356746527,0.17655258931130793
0.19619248934832567,0.1971949814551064,0.22187008544954132,0.2131163353749161,0.2100254316301086,0.1768721858455366
0.19650619091083277,0.19773115174208883,0.22247862887616854,0.21358813202562696,0.21037238002831524,0.17719413126904973
0.19682115731804992,0.19827012017987206,0.22308587215895398,0.2140534602986365,0.21071706322498665,0.1775185342320414
0.19713750500884078,0.19881186435308051,0.2236917478840736,0.21451238001192677,0.2110595595855498,0.1778454983979782
0.19745534624150668,0.1993563551835212,0.22429618330175272,0.21496495122489243,0.21139994343763382,0.1781751223907157
0.19777478905114593,0.19990355697786533,0.22489910041098712,0.2154112342175768,0.21173828502724232,0.17850749974552524
0.1980959372102466,0.20045342748101105,0.22550041604948015,0.21585128947036844,0.21207465047863147,0.17884271886405245
0.19841889019252262,0.20100591793506414,0.22610004198869604,0.21628517764415586,0.2124091017579127,0.1791808629732242
0.1987437431399992,0.20156097314387128,0.22669788503392316,0.21671295956094072,0.21274169664039735,0.1795220100881196
0.19907058683335152,0.2021185315430333,0.22729384712923784,0.21713469618490688,0.21307248868169612,0.17986623297881724
0.19939950766549933,0.2026785252753249,0.2278878254672549,0.21755044860394443,0.21340152719258512,0.18021359914122748
0.19973058761845697,0.20324088027143897,0.2284797126035459,0.2179602780116258,0.21372885721764504,0.18056417077191675
0.20006390424343629,0.20380551633597332,0.22906939657560357,0.21836424568963086,0.21405451951767973,0.18091800474692663
0.20039953064419744,0.20437234723856984,0.22965676102622498,0.21876241299061872,0.21437855055591548,0.18127515260458943
0.20073753546364168,0.20494128081011437,0.23024168533118503,0.21915484132154173,0.21470098248798006,0.18163566053233673
0.2010779828736351,0.20551221904390096,0.2308240447310641,0.21954159212739843,0.21502184315565828,0.18199956935749775
0.20142093256805396,0.2060850582016595,0.23140371046709474,0.21992272687542,0.2153411560844168,0.18236691454207754
0.201766439759037,0.20665968892434233,0.23198054992088468,0.22029830703968722,0.2156589404846892,0.18273772618150627
0.20211455517642843,0.20723599634756226,0.2325544267578732,0.22066839408617087,0.21597521125690816,0.18311202900734516
0.2024653250703954,0.2078138602215693,0.23312520107437285,0.22103304945819116,0.21628997900027044,0.18348984239393276
0.20281879121719817,0.20839315503565145,0.23369272954804646,0.22139233456229068,0.21660325002521547,0.18387118036895309
0.20317499092809185,0.20897375014683994,0.23425686559166567,0.22174631075451337,0.2169150263695973,0.1842560516279037
0.20353395706133542,0.2095555099127971,0.23481745950999616,0.22209503932708463,0.2172253058185257,0.18464445955243872
0.20389571803728115,0.21013829382876123,0.235374358659649,0.2224385814954844,0.21753408192785062,0.18503640223256032
0.20426029785651656,0.21072195666841936,0.23592740761173975,0.22277699838590725,0.21784134405125916,0.18543187249262838
0.20462771612102867,0.21130634862857656,0.23647644831718892,0.22311035102310137,0.2181470773709548,0.1858308579211557
0.20499798805835767,0.2118913154774867,0.23702132027450165,0.22343870031857874,0.21845126293188277,0.1862333409043541
0.20537112454870624,0.2124766987067076,0.2375618606998559,0.22376210705918925,0.21875387767946497,0.18663929866339288
0.2057471321549677,0.21306233568633973,0.2380979046993328,0.22408063189605001,0.21905489450080345,0.1870487032953298
0.20612601315563553,0.21364805982350635,0.23862928544311623,0.22439433533382144,0.21935428226931122,0.1874615218176719
0.20650776558055348,0.21423370072392925,0.23915583434149035,0.22470327772032234,0.21965200589272305,0.1878777162165202
0.20689238324946554,0.21481908435645264,0.23967738122246085,0.22500751923647344,0.2199480263644408,0.188297243498251
0.20727985581332045,0.21540403322036633,0.24019375451082545,0.2253071198865624,0.22024230081816093,0.18872005574468323
0.20767016879828734,0.21598836651537445,0.24070478140851714,0.22560213948881935,0.2205347825857328,0.1891461001716791
0.20806330365243353,0.21657190031405793,0.24121028807604383,0.22589263766629475,0.2208254212581921,0.18957531919112416
0.20845923779501732,0.2171544477366744,0.24171009981484748,0.226178673838029,0.2211141627499117,0.19000765047622759
0.20885794466834387,0.21773581912813772,0.24220404125040326,0.2264603072105052,0.22140094936581078,0.19044302703008542
0.20925939379213343,0.21831582223701934,0.24269193651588206,0.22673759676937424,0.22168571987155913,0.1908813772574433
0.20966355082034702,0.21889426239641094,0.24317360943619684,0.22701060127144287,0.22196840956671346,0.19132262503959596
0.2100703776004159,0.21947094270648648,0.2436488837122552,0.22727937923691446,0.22224895036071834,0.1917666898123572
0.21047983223481675,0.22004566421860236,0.24411758310523812,0.22754398894187247,0.22252727085170365,0.19221348664703197
0.21089186914493568,0.2206182261207708,0.24457953162072973,0.22780448841099582,0.2228032964080077,0.19266292633432197
0.21130643913716102,0.22118842592434293,0.24503455369251684,0.22806093541049727,0.2230769492523536,0.19311491547109083
0.21172348947114442,0.2217560596517362,0.24548247436588477,0.22831338744127255,0.22334814854860438,0.19356935654991692
0.212142963930168,0.22232092202504106,0.2459231194802311,0.22856190173225144,0.22361681049101997,0.19402614805135746
0.21256480289355473,0.22288280665533977,0.246356315850823,0.22880653523393962,0.22388284839593803,0.19448518453884647
0.21298894341105723,0.22344150623257258,0.2467818914495237,0.22904734461214135,0.22414617279579885,0.1949463567561474
0.21341531927915897,0.22399681271578326,0.24719967558431633,0.22928438624185185,0.2244066915354328,0.1954095517272806
0.21384386111922254,0.22454851752357868,0.24760949907745208,0.22951771620130995,0.22466430987052585,0.19587465285884226
0.21427449645741545,0.22509641172463585,0.2480111944420548,0.2297473902661997,0.22491893056817974,0.1963415400446316
0.21470714980634617,0.22564028622808988,0.24840459605701248,0.22997346390399165,0.2251704540094797,0.1968100897725011
0.21514174274834016,0.22617993197363834,0.24878954033999034,0.23019599226841245,0.22541877829398174,0.19728017523334265
0.2155781940202856,0.22671514012119617,0.24916586591840192,0.23041503019403314,0.22566379934603098,0.1977516664321222
0.2160164195999769,0.22724570223993698,0.24953341379817506,0.23063063219096674,0.2259054110228203,0.19822443030087364
0.21645633279388438,0.22777141049655747,0.24989202753015408,0.2308428524396632,0.22614350522409724,0.19869833081356036
0.21689784432627743,0.22829205784260279,0.25024155337398174,0.23105174478579418,0.22637797200342757,0.19917322910271545
0.21734086242962694,0.22880743820069058,0.25058184045930515,0.2312573627352158,0.22660869968092032,0.19964898357776442
0.21778529293621324,0.22931734664947465,0.2509127409441553,0.23145975944900088,0.22683557495732024,0.20012545004494073
0.21823103937086516,0.229821579607189,0.2512341101703513,0.23165898773853133,0.22705848302937212,0.2006024818286958
0.21867800304475424,0.23031993501361445,0.251545806815783,0.23185510006064008,0.2272773077063597,0.20107992989451204
0.21912608315016927,0.2308122125103143,0.2518476930434302,0.23204814851279457,0.2274919315277226,0.20155764297301898
0.2195751768561947,0.23129821361898248,0.2521396346469795,0.23223818482831254,0.22770223588165234,0.2020354676853187
0.22002517940521626,0.231777741917755,0.2524215011929025,0.23242526037160077,0.22790810112456997,0.20251324866942144
0.22047598421017803,0.23225060321533308,0.252693166158863,0.23260942613340874,0.22810940670138513,0.20299082870769414
0.22092748295251327,0.23271660572277106,0.2529545070683255,0.2327907327260883,0.22830603126643728,0.2034680488552231
0.2213795656806723,0.23317556022278385,0.2532054056212399,0.23296923037885178,0.22849785280501936,0.2039447485689914
0.22183212090917057,0.23362728023643037,0.2534457478206809,0.23314496893301978,0.22868474875538297,0.20442076583777388
0.2222850357180789,0.2340715821870334,0.2536754240953263,0.2333179978372515,0.22886659613112548,0.20489593731264688
0.22273819585288,0.23450828556119702,0.2538943294176608,0.23348836614274998,0.2290432716438568,0.20537009843801654
0.22319148582461287,0.2349372130667879,0.2541023634177971,0.23365612249843504,0.22921465182604733,0.20584308358306316
0.22364478901022894,0.23535819078774667,0.25429943049280895,0.23382131514607668,0.229380613153954,0.2063147261735033
0.22409798775308273,0.2357710483356017,0.25448543991147854,0.2339839919153828,0.22954103217052538,0.20678485882356953
0.22455096346348064,0.23617561899755837,0.2546603059143597,0.23414420021903407,0.22969578560818482,0.2072533134681078
0.22500359671921139,0.23657173988104088,0.25482394780906936,0.23430198704766098,0.22984475051139155,0.2077199214946929
0.22545576736598194,0.23695925205456686,0.2549762900607185,0.23445739896475587,0.2299878043588791,0.20818451387566356
0.22590735461768444,0.23733800068483976,0.2551172623774015,0.23461048210151544,0.23012482518547295,0.20864692129997675
0.22635823715641687,0.2377078351699439,0.25524679979066905,0.23476128215160844,0.23025569170338708,0.2091069743047844
0.22680829323218535,0.23806860926853565,0.25536484273090954,0.23490984436586304,0.23038028342290148,0.20956450340663257
0.22725740076221207,0.23842018122492226,0.2554713370975746,0.2350562135468701,0.23049848077232293,0.21001933923218755
0.2277054374297759,0.23876241388992958,0.25556623432418535,0.23520043404349728,0.23061016521713146,0.2104713126483899
0.22815228078251387,0.2390951748374583,0.255649491438063,0.23534254974531124,0.2307152193782164,0.21092025489194166
0.22859780833010931,0.2394183364766355,0.25572107111473025,0.23548260407690322,0.23081352714910683,0.21136599769803058
0.22904189764129765,0.23973177615947172,0.2557809417269394,0.23562063999211527,0.23090497381210087,0.21180837342819664
0.22948442644011732,0.2400353762839366,0.2558290773882818,0.23575669996816456,0.23098944615320147,0.21224721519724735
0.2299252727013379,0.2403290243923723,0.2558654579913456,0.2358908259996628,0.23106683257576494,0.21268235699912846
0.23036431474499475,0.24061261326516553,0.2558900692403872,0.2360230595925288,0.23113702321277235,0.213113633831659
0.23080143132996425,0.24088604100960598,0.2559029026784924,0.23615344175779257,0.2311999100376316,0.2135408818200388
0.23123650174651147,0.241149211143861,0.25590395570920527,0.23628201300528864,0.23125538697342346,0.21396393833904034
0.23166940590774476,0.2414020326760024,0.25589323161260835,0.23640881333723976,0.23130335000050245,0.21438264213379465
0.23210002443991318,0.24164442017802384,0.2558707395558461,0.2365338822417266,0.2313436972623673,0.21479683343908595
0.2325282387714831,0.2418762938547941,0.2558364945980824,0.23665725868604745,0.23137632916971593,0.21520635409706831
0.23295393122093022,0.24209757960789388,0.2557905176898962,0.2367789811099637,0.2314011485026019,0.2156110476733196
0.23337698508318808,0.24230820909428902,0.2557328356671181,0.23689908741883534,0.2314180605106114,0.21601075957115115
0.23379728471469177,0.2425081197797984,0.2556634812391181,0.2370176149766442,0.23142697301097984,0.2164053371440901
0.23421471561695828,0.2426972549873183,0.2555824929715621,0.237134600598908,0.2314277964845713,0.21679462980645559
0.234629164518647,0.24287556393976942,0.2554899152636568,0.23725008054548555,0.2314204441696437,0.2171784891419505
0.23504051945604396,0.2430430017977394,0.25538579831990815,0.23736409051327587,0.23140483215332477,0.217556769010192
0.2354486698519156,0.24319952969179584,0.25527019811642687,0.23747666562881256,0.2313808794607284,0.2179293256511061
0.23585350659267906,0.2433451147494504,0.2551431763618153,0.23758784044075718,0.2313485081416375,0.21829601778711347
0.23625492210383756,0.24347973011676088,0.25500480045267776,0.23769764891229295,0.2313076433546884,0.2186567067230352
0.23665281042363095,0.24360335497455957,0.25485514342380106,0.23780612441342375,0.23125821344898737,0.2190112564436493
0.23704706727485314,0.24371597454930446,0.2546942838930554,0.2379132997131812,0.23120015004309627,0.2193595337088307
0.23743759013478904,0.2438175801185515,0.2545223060010736,0.2380192069717436,0.23113338810132528,0.21970140814620914
0.23782427830322714,0.24390816901105328,0.25433929934576865,0.23812387773247198,0.23105786600727155,0.22003675234128256
0.23820703296850254,0.243987744601492,0.25414535891175494,0.2382273429138673,0.2309735256345475,0.22036544192492297
0.23858575727153,0.24405631629986133,0.2539405849947461,0.23832963280145375,0.23088031241464177,0.2206873556582179
0.2389603563677862,0.24411389953551457,0.2537250831210018,0.2384307770395942,0.2307781754018609,0.2210023755145893
0.23933073748720252,0.24416051573590308,0.25349896396190613,0.23853080462324283,0.23066706733530043,0.22131038675913442
0.23969680999193305,0.24419619230003073,0.25326234324376,0.23862974388964125,0.2305469446977968,0.22161127802513836
0.24005848543196073,0.24422096256665862,0.2530153416528775,0.23872762250996446,0.23041776777181508,0.2219049413877056
0.24041567759851076,0.2442348657772947,0.25275808473607897,0.23882446748092354,0.23027950069222797,0.22219127243446432
0.24076830257523885,0.24423794703401072,0.25249070279667846,0.23892030511633114,0.23013211149594612,0.22247017033329725
0.24111627878716468,0.24423025725213124,0.2522133307860662,0.23901516103863843,0.2299755721683607,0.22274153789705542
0.2414595270473238,0.2442118531078457,0.25192610819099354,0.23910906017044972,0.22980985868656323,0.22300528164521485
0.2417979706011118,0.2441827969807966,0.2516291789166676,0.23920202672602345,0.2296349510593083,0.22326131186243722
0.24213153516829689,0.24414315689170374,0.2513226911657711,0.23929408420276693,0.22945083336369035,0.2235095426539983
0.24246014898267862,0.24409300643508658,0.25100679731352327,0.23938525537273428,0.22925749377850452,0.22374989199805098
0.24278374282937407,0.24403242470715197,0.25068165377890234,0.23947556227413483,0.22905492461426805,0.22398228179469204
0.24310225007971153,0.24396149622891988,0.2503474208921555,0.23956502620286182,0.22884312233987875,0.22420663791180348
0.24341560672371643,0.2438803108646597,0.2500042627587213,0.2396536677040505,0.22862208760589106,0.224422890227643
0.2437237514001759,0.24378896373571982,0.24965234711969853,0.23974150656367385,0.228391825264392,0.22463097267015977
0.24402662542426826,0.24368755512983103,0.24929184520899234,0.2398285618001871,0.22815234438546328,0.2248308232530145
0.2443241728127474,0.24357619040597264,0.24892293160727744,0.23991485165622972,0.2279036582702172,0.22502238410828632
0.24461634030667495,0.24345497989489137,0.248545784092916,0.240000393590395,0.227645784460398,0.2252056015158488
0.24490307739169181,0.24332403879536801,0.2481605834899744,0.24008520426907745,0.2273787447445416,0.22538042592940405
0.2451843363158255,0.24318348706632997,0.24776751351348325,0.2401692995584086,0.22710256516069094,0.2255468119991629
0.24546007210483042,0.24303344931491136,0.24736676061208895,0.24025269451629144,0.22681727599566606,0.2257047185911629
0.24573024257506104,0.24287405468056636,0.24695851380824604,0.24033540338454354,0.22652291178089035,0.2258541088032201
0.24599480834387777,0.24270543671534303,0.2465429645361031,0.24041743958116113,0.22621951128477844,0.22599494997751013
0.24625373283759044,0.24252773326043128,0.24612030647723654,0.24049881569271364,0.22590711750169248,0.22612721370977895
0.2465069822969427,0.24234108631909798,0.2456907353943878,0.2405795434668801,0.22558577763747803,0.22625087585518625
0.24675452578014617,0.24214564192612809,0.2452544489633627,0.24065963380513902,0.2252555430915909,0.22636591653078442
0.24699633516347166,0.24194155001389264,0.2448116466032514,0.2407390967556228,0.22491646943583202,0.22647232011464305
0.2472323851394093,0.2417289642751671,0.24436252930513086,0.240817941506147,0.22456861638970793,0.22657007524162662
0.24746265321240943,0.24150804202282536,0.2439072994594115,0.24089617637742755,0.22421204779243797,0.22665917479583927
0.24768711969221974,0.24127894404654107,0.2434461606819916,0.24097380881649597,0.22384683157163138,0.22673961589975133
0.24790576768483413,0.24104183446662425,0.24297931763938332,0.24105084539032476,0.22347303970866156,0.22681139990002494
0.24811858308107193,0.2407968805851295,0.24250697587297693,0.24112729177967424,0.22309074820076533,0.22687453235005953
0.2483255545428074,0.2405442527343708,0.24202934162260734,0.24120315277317234,0.22270003701989907,0.22692902298927833
0.24852667348687155,0.2402841241229812,0.2415466216495902,0.2412784322616391,0.22230099006838588,0.2269748857191828
0.24872193406664928,0.2400166706796574,0.24105902305939506,0.2413531332326672,0.22189369513138993,0.2270121385762006
0.24891133315139752,0.23974207089473132,0.24056675312412126,0.2414272577654699,0.2214782438262573,0.22704080370135804
0.24909487030331198,0.23946050565971297,0.2400700191049444,0.24150080702600854,0.22105473154876476,0.22706090730680903
0.2492725477523697,0.2391721581049486,0.23956902807470012,0.24157378126241005,0.22062325741632047,0.2270724796392548
0.24944437036897968,0.23887721343554266,0.23906398674077223,0.2416461798006867,0.22018392420816255,0.22707555494029188
0.2496103456344721,0.23857585876569065,0.2385551012684509,0.24171800104076846,0.21973683830260504,0.22707017140372635
0.2497704836094607,0.23826828295157265,0.2380425771049275,0.24178924245286082,0.21928210961138112,0.22705637112989793
0.2499247969001133,0.23795467642295867,0.23752661880408998,0.24185990057413662,0.2188198515111383,0.22703420007705488
0.2500733006223672,0.23763523101367626,0.2370074298522841,0.24192997100577587,0.2183501807721393,0.22700370800982858
0.25021601236412794,0.23731013979109372,0.23648521249520305,0.2419994484103616,0.2178732174842284,0.2269649484448525
0.2503529521454911,0.23697959688477188,0.2359601675660676,0.24206832650964466,0.21738908498012124,0.2269179785935792
0.2504841423770284,0.23664379731443752,0.23543249431525742,0.24213659808268664,0.21689790975608123,0.22686285930234446
0.25060960781618125,0.23630293681743297,0.23490239024155218,0.2422042549643922,0.21639982139004615,0.22679965498973506
0.2507293755218054,0.23595721167579678,0.23437005092514163,0.24227128804444045,0.2158949524572708,0.22672843358131506
0.25084347480691155,0.2356068185431289,0.2338356698625584,0.24233768726662547,0.21538343844355393,0.22664926644176925
0.2509519371896504,0.2352519542713958,0.23329943830368885,0.24240344162861652,0.21486541765611905,0.22656222830452394
0.25105479634258826,0.23489281573783005,0.23276154509101324,0.24246853918214634,0.21434103113222053,0.22646739719890663
0.25115208804032363,0.2345295996720779,0.23222217650122512,0.242532967033638,0.21381042254554913,0.22636485437490841
0.251243850105495,0.2341625024837499,0.23168151608937693,0.24259671134527902,0.21327373811051142,0.22625468422561468
0.2513301223532309,0.23379172009052654,0.23113974453569738,0.24265975733655135,0.21273112648446005,0.22613697420737106
0.2514109465340956,0.23341744774697332,0.23059703949522173,0.24272208928622646,0.21218273866795298,0.22601181475775278
0.25148636627558413,0.23303987987421526,0.23005357545037583,0.24278369053483345,0.21162872790312245,0.22587929921140962
0.25155642702222053,0.23265920989062375,0.2295095235666497,0.2428445434876083,0.21106924957023382,0.22573952371385553
0.2516211759743164,0.2322756300436648,0.22896505155149463,0.2429046296179322,0.210504461082518,0.22559258713327893
0.2516806620254457,0.2318893312430576,0.2284203235165748,0.24296392947126613,0.20993452177936087,0.22543859097044652
0.251734935698693,0.23150050289539095,0.22787549984349986,0.24302242266958887,0.20935959281793584,0.2252776392667777
0.2517840490817344,0.2311093327403445,0.22733073705316373,0.24308008791634603,0.20877983706336517,0.22510983851066635
0.2518280557608102,0.23071600668865824,0.2267861876788092,0.24313690300191457,0.20819541897749827,0.2249352975421291
0.25186701075364826,0.23032070866199333,0.22624200014293644,0.2431928448095915,0.20760650450639573,0.22475412745585935
0.25190097044140014,0.22992362043482675,0.22569831863816697,0.24324788932211028,0.20701326096660896,0.22456644150276842
0.25192999249965053,0.2295249214785171,0.22515528301217533,0.24330201162869144,0.20641585693034517,0.22437235499009536
0.25195413582856113,0.22912478880767967,0.22461302865679178,0.24335518593263222,0.20581446210961055,0.22417198518016782
0.2519734604822132,0.2287233968290063,0.22407168640137903,0.24340738555943975,0.20520924723942283,0.22396545118789946
0.25198802759721023,0.2283209171926612,0.2235313824105806,0.24345858296551146,0.20460038396018665,0.22375287387710635
0.25199789932060457,0.2279175186463846,0.22299223808653415,0.24350874974736755,0.2039880446993255,0.22353437575572965
0.2520031387372117,0.22751336689243126,0.22245436997563908,0.2435578566514381,0.20337240255226355,0.22331008087004928
0.25200380979637643,0.2271086244474692,0.22191788967996373,0.24360587358440752,0.20275363116285333,0.22308011469797648
0.25199997723825573,0.22670345050556126,0.22138290377337275,0.24365276962412,0.20213190460334313,0.22284460404151182
0.25199170651968167,0.22629800080434878,0.22084951372245004,0.2436985130310467,0.20150739725397993,0.22260367691845737
0.2519790637396708,0.225892427494555,0.22031781581229068,0.2437430712603172,0.20088028368234334,0.22235746245347002
0.2519621155646445,0.22548687901292033,0.21978790107722665,0.2437864109743158,0.2002507385225069,0.22210609076854604
0.25194092915342403,0.22508149995868248,0.21925985523655087,0.2438284980558443,0.19961893635412153,0.22184969287302575
0.25191557208206833,0.22467643097370563,0.21873375863529546,0.24386929762184975,0.1989850515815183,0.2215884005532058
0.25188611226861646,0.22427180862636562,0.21820968619011863,0.24390877403771938,0.19834925831292521,0.22132234626165137
0.25185261789780233,0.22386776529929048,0.21768770734034737,0.24394689093213953,0.19771173023989466,0.22105166300629492
0.25181515734580473,0.22346442908105285,0.21716788600421946,0.24398361121251944,0.19707264051703677,0.22077648423941332
0.2517737991050993,0.22306192366190936,0.2166502805403636,0.244018897080977,0.19643216164215366,0.22049694374657125
0.25172861170947536,0.22266036823367552,0.21613494371455055,0.24405271005088466,0.19579046533686978,0.22021317553562147
0.2516796636592829,0.22225987739382316,0.21562192267174435,0.24408501096397348,0.19514772242785286,0.21992531372585014
0.251627023346974,0.22186056105388238,0.21511125891347674,0.24411576000799073,0.1945041027287194,0.21963349243735722
0.2515707589830008,0.22146252435222671,0.21460298828056337,0.24414491673490943,0.19385977492271794,0.21933784568076004
0.2515109385221353,0.22106586757131633,0.2140971409411764,0.2441724400796839,0.1932149064462833,0.21903850724730772
0.25144762959027245,0.2206706860594688,0.21359374138428044,0.244198288379548,0.19256966337355338,0.2187356105994965
0.25138089941177894,0.2202770701572256,0.21309280841843617,0.24422241939385,0.19192421030193976,0.21842928876227014
0.25131081473745037,0.2198851051283751,0.21259435517597092,0.24424479032441954,0.19127871023884313,0.21811967421489512
0.25123744177313584,0.2194948710956916,0.2120983891225081,0.2442653578364594,0.19063332448960257,0.21780689878359485
0.2511608461090938,0.21910644298144313,0.2116049120718455,0.2442840780799566,0.18998821254676654,0.21749109353502913
0.2510810926501346,0.21871989045271903,0.21111392020616518,0.24430090671160518,0.1893435319807742,0.21717238867070346
0.25099824554661326,0.21833527787162196,0.21062540410155328,0.24431579891723254,0.18869943833213224,0.21685091342239138
0.25091236812632695,0.2179526642503656,0.21013934875880438,0.24432870943472312,0.18805608500517293,0.21652679594865365
0.2508235228273767,0.2175721032113144,0.2096557336394779,0.2443395925774283,0.18741362316347668,0.21620016323253546
0.25073177113205025,0.2171936429519987,0.20917453270717093,0.24434840225805562,0.18677220162704156,0.21587114098052282
0.250637173501779,0.216817326215132,0.20869571447396648,0.24435509201302677,0.18613196677128088,0.21553985352283775
0.25053978931322696,0.21644319026365433,0.20821924205201087,0.2443596150272944,0.18549306242792865,0.21520642371515158
0.2504396767955632,0.2160712668608204,0.20774507321016955,0.24436192415960728,0.18485562978793038,0.21487097284179246
0.25033689296897116,0.2157015822553475,0.20727316043570695,0.24436197196821324,0.1842198073063955,0.21453362052052471
0.25023149358444574,0.2153341571716321,0.2068034510009281,0.24435971073698778,0.18358573060968705,0.21419448460897375
0.2501235330649306,0.21496900680504186,0.20633588703472047,0.24435509250197698,0.18295353240472048,0.21385368111277067
0.2500130644478411,0.21460614082228321,0.2058704055989235,0.24434806907834195,0.18232334239054382,0.21351132409548812
0.24990013932902472,0.21424556336684009,0.2054069387694545,0.24433859208769237,0.18169528717226782,0.21316752559043803
0.2497848078082039,0.21388727306947844,0.2049454137221119,0.24432661298579555,0.1810694901774143,0.21282239551440021
0.2496671184359465,0.2135312630638005,0.204485752822973,0.24431208309064728,0.1804460715747477,0.2124760415833496
0.24954711816220926,0.21317752100683438,0.20402787372330028,0.2442949536108907,0.1798251481956538,0.21212856923024656
0.24942485228649605,0.2128260291046364,0.20357168945886514,0.24427517567456822,0.1792068334581273,0.21178008152495598
0.24930036440967343,0.2124767641428802,0.20311710855359347,0.24425270035819144,0.17859123729342716,0.21143067909635588
0.24917369638748205,0.2121296975224021,0.20266403512743478,0.24422747871611458,0.1779784660754581,0.2110804600566969
0.24904488828578467,0.21178479529966873,0.2022123690083519,0.2441994618101938,0.17736862255293234,0.2107295199282711
0.24891397833758616,0.21144201823212702,0.20176200584832413,0.24416860073971866,0.17676180578436493,0.21037795157244638
0.24878100290186186,0.21110132182839306,0.2013128372432536,0.2441348466715966,0.17615811107595414,0.2100258451211218
0.24864599642422852,0.2107626564032327,0.2008647508566611,0.24409815087077577,0.1755576299223944,0.20967328791065648
0.24850899139949087,0.21042596713728143,0.20041763054705367,0.2440584647308873,0.17496044995066762,0.20932036441832297
0.24837001833609343,0.21009119414144742,0.19997135649884235,0.24401573980508984,0.17436665486685818,0.20896715620133316
0.24822910572250856,0.2097582725259375,0.19952580535668774,0.24396992783709942,0.1737763244060311,0.20861374183848483
0.24808627999558847,0.20942713247384195,0.19908085036314327,0.24392098079238414,0.1731895342852133,0.20826019687447198
0.24794156551090593,0.20909769931920855,0.19863636149946895,0.2438688508895073,0.17260635615951395,0.20790659376690218
0.24779498451511014,0.20876989362953513,0.19819220562947934,0.24381349063159838,0.17202685758141825,0.20755300183606085
0.24764655712031924,0.20844363129260313,0.19774824664629184,0.24375485283793435,0.17145110196328509,0.20719948721746048
0.24749630128057182,0.20811882360757222,0.19730434562183555,0.24369289067560948,0.17087914854307876,0.20684611281721105
0.24734423277035547,0.20779537738025253,0.19686036095897924,0.24362755769127628,0.17031105235335978,0.20649293827024404
0.2471903651652317,0.2074731950224664,0.19641614854613546,0.24355880784293601,0.16974686419355883,0.20614001990142292
0.24703470982457243,0.20715217465540844,0.19597156191419432,0.24348659553175936,0.1691866306055556,0.20578741068956707
0.24687727587642214,0.20683221021690987,0.1955264523956387,0.24341087563391592,0.16863039385257977,0.20543516023441746
0.24671807020449882,0.2065131915725081,0.1950806692856916,0.24333160353239316,0.1680781919014508,0.20508331472656718
0.24655709743734455,0.20619500463022006,0.19463406000534264,0.2432487351487825,0.16753005840816937,0.20473191692037893
0.24639435993963374,0.20587753145891563,0.19418647026610109,0.24316222697501252,0.16698602270687107,0.204381006109909
0.24622985780564763,0.20556065041018143,0.1937377442363191,0.24307203610500766,0.16644610980214986,0.20403061810785533
0.24606358885491939,0.2052442362435654,0.1932877247089295,0.2429781202662513,0.16591034036475696,0.2036807852275426
0.24589554863005397,0.20492816025508734,0.19283625327043996,0.24288043785123123,0.16537873073067705,0.20333153626795886
0.2457257303967251,0.20461229040889858,0.19238317047102407,0.24277894794874663,0.16485129290358194,0.20298289650185142
0.24555412514584804,0.20429649147197154,0.1919283159955494,0.24267361037505425,0.16432803456065873,0.2026348876668906
0.24538072159792823,0.20398062515169615,0.1914715288353823,0.24256438570483202,0.16380895906180704,0.2022875279599056
0.24520550620958106,0.20366455023625882,0.19101264746080696,0.242451235301939,0.16329406546219635,0.20194083203419524
0.24502846318221758,0.20334812273767616,0.19055150999389756,0.24233412134994864,0.16278334852817397,0.2015948109999137
0.24484957447289044,0.2030311960373538,0.19008795438168008,0.24221300688243422,0.16227679875650827,0.20124947242752764
0.2446688198072892,0.20271362103403864,0.18962181856942184,0.24208785581298423,0.16177440239695245,0.20090482035434207
0.2444861766948763,0.20239524629403027,0.18915294067388555,0.24195863296492562,0.1612761414781092,0.20056085529408502
0.24430162044615011,0.2020759182035156,0.18868115915638528,0.24182530410073305,0.16078199383657527,0.20021757424954337
0.24411512419202175,0.20175548112288852,0.18820631299548202,0.24168783595110252,0.1602919331493411,0.19987497072823576
0.24392665890528975,0.20143377754291555,0.18772824185915568,0.24154619624366674,0.15980592896942009,0.19953303476111015
0.24373619342419445,0.2011106482426057,0.18724678627629412,0.24140035373133165,0.15932394676467718,0.19919175292424698
0.24354369447803373,0.2007859324486419,0.18676178780733543,0.2412502782202109,0.1588459479598252,0.1988511083635493
0.2433491267148189,0.20045946799622985,0.18627308921390573,0.2410959405971378,0.15837188998155588,0.1985110808223987
0.243152452730948,0.20013109149121908,0.18578053462729172,0.2409373128567327,0.15790172630676694,0.19817164667225173
0.24295363310287196,0.19980063847334958,0.1852839697155907,0.24077436812800512,0.1574354065138473,0.19783277894615128
0.24275262642072903,0.19946794358047634,0.18478324184938152,0.24060708070046777,0.15697287633697882,0.19749444737512395
0.24254938932391848,0.19913284071362372,0.18427820026576014,0.24043542604974377,0.15651407772341008,0.19715661842743157
0.24234387653858508,0.1987951632027209,0.1837686962305865,0.24025938086264403,0.1560589488936558,0.19681925535064468
0.24213604091698449,0.19845474397286716,0.18325458319879084,0.24007892306169545,0.15560742440457345,0.1964823182165016
0.24192583347869578,0.19811141571097995,0.18273571697258872,0.2398940318290992,0.15515943521526673,0.19614576396851569
0.2417132034536494,0.19776501103267127,0.18221195585745634,0.23970468763009878,0.15471490875576127,0.19580954647228996
0.24149809832693264,0.19741536264920528,0.18168316081572022,0.23951087223573753,0.15427376899839834,0.195473616568499
0.24128046388533939,0.19706230353438423,0.18114919561761722,0.23931256874498708,0.15383593653188862,0.19513792212849074
0.24106024426562275,0.19670566709121345,0.180609926989683,0.23910976160622582,0.15340132863796646,0.19480240811246483
0.24083738200441338,0.1963452873181932,0.18006522476033013,0.2389024366380498,0.15296985937058263,0.1944670166301779
0.24061181808976154,0.19598099897508967,0.17951496200247918,0.23869058104939608,0.15254143963757255,0.1941316870041243
0.24038349201426054,0.1956126377480329,0.17895901517310905,0.23847418345896143,0.15211597728473303,0.19379635583514193
0.2401523418297091,0.19524004041379453,0.17839726424959607,0.23825323391389613,0.15169337718224135,0.19346095707038793
0.23991830420326626,0.19486304500309645,0.17782959286271321,0.2380277239077583,0.15127354131334664,0.19312542207362735
0.23968131447505442,0.19448149096280234,0.17725588842616624,0.23779764639770848,0.15085636886526152,0.1927896796977784
0.23944130671716166,0.19409521931684612,0.1766760422625431,0.23756299582092924,0.1504417563221826,0.19245365635965236
0.23919821379399647,0.19370407282575247,0.17608994972556102,0.2373237681102535,0.15002959756036352,0.19211727611682924
0.238951967423944,0.19330789614460425,0.17549751031849434,0.23707996070898354,0.14961978394516576,0.19178046074660315
0.23870249824227394,0.19290653597931473,0.17489862780867363,0.23683157258488816,0.14921220443000757,0.1914431298269342
0.2384497358652482,0.19249984124106365,0.17429321033794776,0.23657860424335952,0.14880674565713356,0.1911052008193401
0.2381936089553757,0.19208766319875675,0.17368117052900592,0.236321057739718,0.14840329206012245,0.1907665891536588
0.23793404528776022,0.1916698556293718,0.17306242558745913,0.23605893669064856,0.14800172596805197,0.19042720831461332
0.2376709718174873,0.1912462749660546,0.172436897399586,0.23579224628475648,0.14760192771123665,0.19008696993010712
0.2374043147479942,0.19081678044383107,0.17180451262565066,0.23552099329222845,0.14720377572845386,0.18974578386117824
0.2371339996003669,0.19038123424280382,0.17116520278870542,0.23524518607358647,0.14680714667557254,0.18940355829353733
0.23685995128350704,0.18993950162870316,0.170518904358794,0.23496483458752312,0.14641191553549723,0.1890601998306163
0.23658209416511017,0.18949145109066623,0.16986555883247786,0.2346799503978057,0.146017955729339,0.18871561358804953
0.2363003521433982,0.18903695447611774,0.16920511280760858,0.23439054667923925,0.14562513922872497,0.18836970328951136
0.2360146487195454,0.18857588712263185,0.16853751805327777,0.23409663822267698,0.1452333366691557,0.18802237136383096
0.2357249070707384,0.18810812798665477,0.16786273157487774,0.23379824143906935,0.14484241746432008,0.1876735190433052
0.23543105012381052,0.18763355976897073,0.16718071567421175,0.23349537436254186,0.1444522499212758,0.18732304646312864
0.2351330006293886,0.187152069036799,0.1664914380045975,0.23318805665249367,0.14406270135640348,0.18697085276185982
0.23483068123649106,0.18666354634240945,0.1657948716209109,0.23287630959470793,0.14367363821204127,0.18661683618284097
0.2345240145675159,0.18616788633814965,0.1650909950245242,0.23256015610146782,0.14328492617370694,0.18626089417648828
0.2342129232935554,0.18566498788777883,0.1643797922030946,0.2322396207106708,0.14289643028781251,0.18590292350336923
0.23389733020997627,0.18515475417400726,0.1636612526651662,0.23191472958393497,0.14250801507977903,0.18554282033798206
0.23357715831220097,0.18463709280214263,0.1629353714695523,0.2315855105036928,0.1421195446724546,0.18518048037315238
0.2332523308716282,0.18411191589974973,0.1622021492494699,0.23125199286926648,0.1417308829047427,0.184815798924962
0.23292277151162888,0.18357914021223198,0.16146159223140305,0.23091420769192225,0.14134189345034498,0.18444867103812324
0.23258840428355432,0.1830386871942468,0.16071371224867717,0.23057218758889858,0.14095243993652296,0.1840789915917122
0.23224915374269287,0.18249048309687274,0.15995852674973046,0.2302259667764073,0.1405623860627847,0.18370665540517506
0.23190494502411196,0.18193445905044667,0.15919605880107443,0.22987558106160402,0.14017159571940052,0.18333155734451992
0.23155570391832178,0.18137055114299638,0.15842633708493983,0.22952106783352816,0.13977993310565281,0.18295359242860657
0.23120135694669708,0.18079870049419558,0.15764939589160945,0.22916246605301038,0.1393872628477256,0.18257265593544755
0.23084183143659429,0.18021885332477355,0.1568652751064443,0.22879981624154894,0.1389934501161394,0.18218864350843325
0.23047705559610016,0.17963096102131512,0.15607402019161473,0.2284331604691548,0.13859836074263704,0.1818014512623927
0.23010695858834918,0.17903498019639144,0.1552756821625522,0.22806254234116752,0.13820186133642665,0.18141097588940377
0.22973147060534796,0.1784308727439648,0.15447031755914375,0.22768800698404404,0.13780381939968975,0.18101711476426519
0.22935052294124258,0.17781860589001675,0.15365798841169445,0.22730960103012315,0.13740410344226023,0.18061976604954377
