tau1,tau2,tau3,tau4,tau5,tau6
41.33054580378882,-66.41479991631397,-12.039808134613523,1.3002377151905908,-0.19744555908520353,0.10732715421100822
40.80378966625904,-67.13055132815897,-12.310360354146603,1.3112942518180382,-0.19936971250414104,0.10688053875723973
39.747916318316385,-68.57706757881789,-12.87207322634503,1.3135102283189677,-0.19978603473787154,0.1052733257083999
38.67858509701888,-70.0441634400226,-13.441773782236083,1.315517862915292,-0.20016671495397248,0.10363400317210363
37.596297202281136,-71.53092995978474,-14.019105297586783,1.3173156500534526,-0.20051123046245897,0.10196361404447846
36.501565780870216,-73.03644535765724,-14.603706511897428,1.3189023141275706,-0.2008191192610076,0.1002632266363119
35.39491564403198,-74.55977572944298,-15.195211902465397,1.3202768178973434,-0.2010899820769819,0.09853393406333268
34.27688295889125,-76.09997576095893,-15.793251959920878,1.3214383704421488,-0.20132348424821692,0.09677685359883428
33.148014914017644,-77.65608944993127,-16.397453464897144,1.3223864346233456,-0.20151935743554455,0.09499312598840769
32.008869358996435,-79.2271508356992,-17.007439765742976,1.323120734021551,-0.20167740115937158,0.09318391472589474
30.86001441887008,-80.81218473606611,-17.62283105704164,1.3236412593256062,-0.20179748415657872,0.09135040529067517
29.70202808378186,-82.41020749058146,-18.243244658718908,1.3239482741455602,-0.20187954555089713,0.08949380434589001
28.53549777443251,-84.02022770999099,-18.868295295675118,1.3240423202266396,-0.20192359583265465,0.08761533889766714
27.361019884216986,-85.64124703047231,-19.497595377473576,1.3239242220453427,-0.20192971764556036,0.0857162554159703
26.17919929820301,-87.27226087320858,-20.130755278376324,1.323595090755878,-0.2018980663737478,0.08379781891565465
24.99064889071989,-88.91225920777634,-20.767383617197403,1.3230563274808382,-0.20182887052954943,0.08186131199967117
23.795989001956432,-90.56022731873772,-21.407087536831604,1.3223096259261462,-0.20172243193957543,0.07990803386460417
22.5958468943746,-92.21514657565305,-22.049472983638516,1.3213569742969535,-0.2015791257257188,0.07793929926778918
21.39085619077467,-93.87599520469453,-22.694144986060063,1.3202006565154376,-0.20139940008348386,0.07595643745860389
20.181656294261643,-95.54174906241744,-23.34070793280467,1.3188432527173575,-0.20118377585491884,0.07396079107306115
18.968891792253416,-97.21138241020792,-23.988765850127848,1.3172876390284363,-0.20093284589970004,0.07195371499383976
17.75321184539337,-98.88386868885559,-24.637922678114414,1.315536986612767,-0.20064727426412973,0.06993657517673219
16.535269562002078,-100.55818129349463,-25.28778254616116,1.3135947599797584,-0.20032779514954363,0.06791074744349812
15.315721361190969,-102.23329434703078,-25.937950047080985,1.311464714564466,-0.199975211686462,0.06587761624434023
14.095226324420207,-103.90818347224204,-26.588030510000216,1.3091508935702856,-0.19959039451397131,0.06383857339035257
12.87444553759546,-105.58182656175738,-27.237630271876736,1.3066576240796979,-0.19917428017116745,0.06179501675771731
11.654041425723738,-107.2532045450481,-27.8863569474491,1.3039895124437335,-0.19872786930563954,0.05974834896595704
10.434677080537769,-108.92130215250664,-28.533819697756577,1.3011514389473573,-0.19825222470243356,0.05769997603093474
9.217015583757593,-110.5851086749658,-29.179629496737604,1.2981485517735452,-0.19774846914208102,0.055651305996231776
8.001719326896167,-112.24361871839734,-29.82339939593482,1.2949862602734676,-0.19721778309372387,0.0536037475444925
6.789449329362108,-113.89583295443626,-30.46474478768431,1.291670227548325,-0.19666140224940534,0.05155870858918529
5.580864556314977,-115.5407588639259,-31.103283665839108,1.288206362376327,-0.19608061490859535,0.04951759485230501
4.376621238303459,-117.17741147421853,-31.738636884438712,1.2846008104951039,-0.19547675922250196,0.047481808428519276
3.177372193632298,-118.80481409003502,-32.37042841437527,1.280859945255344,-0.19485122030374527,0.04545274633770701
1.9837661552277526,-120.4219990159755,-32.99828559743718,1.2769903576801511,-0.1942054272131231,0.043431799070489635
0.7964471038380768,-122.02800827127263,-33.62183939807039,1.2729988459488222,-0.19354084983362863,0.041420349127979095
-0.3839463916094231,-123.62189429535601,-34.24072465244545,1.268892404331505,-0.19285899563844672,0.03941976955904652
-1.556781824137945,-125.20272064438616,-34.854580314978506,1.2646782116052868,-0.19216140636747425,0.03743142249753253
-2.721433389088373,-126.76956267796186,-35.46304970209159,1.260363618981814,-0.19144965461950467,0.03545665770288856
-3.8772826120260078,-128.32150823459105,-36.06578073280032,1.2559561375821326,-0.19072534037328515,0.033496811107367325
-5.023718964077748,-129.857658297025,-36.6624261666281,1.2514634254808845,-0.1899900874467876,0.031553203371036335
-6.160140462646806,-131.37712764602392,-37.25264383836823,1.2468932743663579,-0.18924553990642862,0.02962713844932281
-7.285954256605837,-132.87904550120854,-37.83609688926941,1.2422535958489316,-0.18849335843836054,0.027719902175910676
-8.4005771947777,-134.36255615012837,-38.41245399514979,1.2375524074522748,-0.18773521669215182,0.025832760863040243
-9.50343637679427,-135.8268195643482,-38.98138959103667,1.2327978183233228,-0.18697279760754956,0.023966959922136873
-10.593969684938074,-137.27101200143073,-39.54258409195698,1.2279980147082932,-0.186207789737157,0.022123722509065878
-11.671626296197404,-138.6943265930754,-40.09572411002509,1.2231612452291127,-0.18544188357661698,0.020304248195901452
-12.735867173986382,-140.09597391906559,-40.64050266773054,1.2182958059945936,-0.18467676791049084,0.018509711671346928
-13.786165538375442,-141.47518256649698,-41.17661940726751,1.2134100255961504,-0.18391412618731295,0.016741261473816976
-14.822007314322953,-142.83119967260333,-41.70378079526362,1.2085122500256025,-0.18315563293457163,0.015000018760048292
-15.842891556896781,-144.16329145304928,-42.22170032364826,1.2036108275506558,-0.1824029502223126,0.013287076109916779
-16.848330853460123,-145.4707437136228,-42.73009870587608,1.1987140935972374,-0.18165772418814624,0.011603496372312352
-17.83785170202018,-146.75286234469814,-43.228704068256604,1.1938303556760224,-0.18092158163133787,0.009950311553800578
-18.810994866076484,-148.0089738004168,-43.717252137124014,1.1889678783825806,-0.1801961266842355,0.008328521750269928
-19.767315703604257,-149.2384255587699,-44.19548642036694,1.184134868534111,-0.1794829375770057,0.0067390941276582045
-20.706384472892903,-150.4405865649616,-44.66315838421826,1.1793394604633542,-0.1787835634963985,0.00518296195125878
-21.627786612622103,-151.61484765745413,-45.120027625014245,1.1745897015096742,-0.17809952155028935,0.003661023664761835
-22.531122997514426,-152.76062197451157,-45.56586203504453,1.1698935377552269,-0.17743229384727766,0.0021741420237212164
-23.416010169115914,-153.87734534303632,-46.000437963183046,1.1652588000358801,-0.17678332469657904,0.000723143283047456
-24.282080540896672,-154.96447664822227,-46.423540369609995,1.1606931902647772,-0.17615401793651686,-0.0006911835596934771
-25.128982580558592,-156.02149818457008,-46.834962974805315,1.1562042680969102,-0.17554573439488572,-0.002068087463791682
-25.956380965821836,-157.0479159876606,-47.23450840252351,1.1517994379830898,-0.17495978949327565,-0.0034068559859235514
-26.76395671698652,-158.0432601453141,-47.62198831611733,1.147485936636293,-0.17439745099526094,-0.004706815860224069
-27.551407306442144,-159.00708509063446,-47.997223549147094,1.143270820927727,-0.17385993690162058,-0.005967333520271713
-28.31844674334876,-159.93896987400205,-48.36004422898222,1.139160956273064,-0.17334841350420538,-0.007187815557374924
-29.064805636214544,-160.8385184154069,-48.71028989392358,1.135163005509004,-0.17286399359632046,-0.008367709118460513
-29.790231232807574,-161.70535973704227,-49.04780960367436,1.1312834182975406,-0.17240773484297658,-0.009506502241944305
-30.49448743847983,-162.53914817438834,-49.37246204239505,1.1275284210822345,-0.1719806383141857,-0.010603724130462212
-31.177354812920598,-163.33956356773325,-49.68411561501618,1.123904007615227,-0.1715836471851325,-0.011658945362119325
-31.838630546323575,-164.10631143295373,-49.98264853620412,1.120415930080006,-0.17121764560081573,-0.012671778039208777
-32.47812841608435,-164.83912311177403,-50.26794891203527,1.117069690821449,-0.17088345770833568,-0.013641875875566041
-33.0956787236789,-165.53775590106315,-50.539914814025884,1.1138705347110176,-0.17058184685726505,-0.014568934221777498
-33.691128213550115,-166.20199316087613,-50.79845434535797,1.1108234421513137,-0.17031351496466848,-0.015452690029761094
-34.264339974516716,-166.831644403361,-51.04348570001487,1.107933122733516,-0.17007910204774193,-0.01629292175859194
-34.81519332416601,-167.42654535921287,-51.27493721337668,1.105204009566182,-0.16987918591914447,-0.01708944921982024
-35.34358367656676,-167.98655802378232,-51.492747405057905,1.1026402542832399,-0.16971428204698844,-0.017842133364796967
-35.849422396138635,-168.51157068310584,-51.696865013981224,1.100245722721831,-0.1695848435724641,-0.018550876016720324
-36.332636636556956,-169.00149791838905,-51.88724902495113,1.0980239912965428,-0.1694912614835559,-0.019215619545727466
-36.79316916546269,-169.45628059017113,-52.063868687179074,1.0959783440619213,-0.16943386494700885,-0.019836346490586427
-37.23097817817813,-169.87588580207535,-52.22670352459944,1.0941117704583567,-0.169412921784027,-0.02041307912834772
-37.64603709830009,-170.26030684367126,-52.37574333767289,1.0924269637544606,-0.169428639095825,-0.020945878992446355
-38.03833436770712,-170.6095631128395,-52.510988196771656,1.0909263201717185,-0.1694811640294561,-0.021434846342128503
-38.4078732272112,-170.92370001898792,-52.63244842757257,1.0896119386840106,-0.16957058467657787,-0.021880119585852644
-38.75467148751608,-171.2027888641109,-52.740144587202,1.0884856214964576,-0.16969693110734502,-0.02228187465765749
-39.07876129097558,-171.4469267056932,-52.83410743258531,1.0875488751884876,-0.1698601765285471,-0.02264032435188043
-39.380188867606016,-171.65623619924963,-52.91437788012047,1.0868029125023497,-0.17006023855780464,-0.022955717616862763
-39.65901428278299,-171.8308654201698,-52.981006956419506,1.0862486547809183,-0.17029698061527224,-0.0232283388086436
-39.91531117902874,-171.97098766745404,-53.034055741089034,1.0858867350300772,-0.1705702134223115,-0.02345850690911511
-40.149166514132176,-172.07680124803224,-53.073595300967156,1.0857175015847427,-0.17087969659583943,-0.0236465747100844
-40.36068029212946,-172.1485292407359,-53.09970661541097,1.0857410223823545,-0.17122514034360317,-0.023792927963543962
-40.54996529233896,-172.18641924290586,-53.11248049373087,1.0859570898012059,-0.17160620724290876,-0.02389798450374712
-40.71714679491708,-172.19074309826698,-53.112017484177294,1.0863652260559413,-0.17202251409839975,-0.023962193341528718
-40.86236230317417,-172.161796605037,-53.09842777410486,1.0869646891310727,-0.17247363387683992,-0.023986033732184286
-40.98576126454918,-172.09989920820928,-53.071831082726206,1.087754479219158,-0.17295909770551465,-0.023970014222664614
-41.087504789389946,-172.0053936721593,-53.03235654497706,1.088733345657629,-0.17347839693175618,-0.023914671675706607
-41.167765369755045,-171.8786457365604,-52.98014258765351,1.0898997943168727,-0.1740309852334614,-0.023820570277560838
-41.226726598125,-171.72004375590427,-52.9153367978266,1.091252095430021,-0.1746162807735605,-0.02368830052950135
-41.264582884275086,-171.5299983206681,-52.83809578288748,1.0927882918404475,-0.175233668397177,-0.023518478224360973
-41.28153917464749,-171.30894186265402,-52.7485850231127,1.0945062076221448,-0.1758825018543986,-0.023311743412715785
-41.27781067250442,-171.05732824448654,-52.64697871672645,1.0964034570637806,-0.17656210604994205,-0.023068759358765303
-41.25362255753919,-170.77563233314012,-52.53345961752265,1.0984774539758226,-0.17727177931227703,-0.022790211490094258
-41.20920970956501,-170.4643495574351,-52.40821886491702,1.100725421293562,-0.17801079566841532,-0.02247680634109284
-41.14481643246188,-170.12399545126854,-52.271455807164315,1.1031444009586093,-0.17877840712816345,-0.022129270492838422
-41.060696180339,-169.75510518146768,-52.12337781740008,1.105731264025294,-0.1795738459629743,-0.02174834951313061
-40.957111287348475,-169.3582330614995,-51.96420010289202,1.1084827209839265,-0.1803963269768986,-0.021334806895374852
-40.834332698990956,-168.93395205167016,-51.79414550785713,1.1113953322590349,-0.18124504976350975,-0.020889423000955285
-40.69263970587414,-168.48285324533302,-51.613444309689264,1.1144655188565613,-0.18211920094279327,-0.020412994005175707
-40.53231968143306,-168.00554534229087,-51.42233400902209,1.1176895731311611,-0.18301795637255244,-0.019906330848229202
-40.353667822060586,-167.5026541089574,-51.22105911362472,1.1210636696292964,-0.18394048332563964,-0.019370258194780377
-40.15698689019951,-166.9748218271973,-51.00987091676964,1.124583876005179,-0.18488594263250047,-0.018805613400664015
-39.942586960874,-166.42270673130338,-50.78902727003399,1.1282461639532386,-0.1858534907838503,-0.018213245490933158
-39.710785170693256,-165.8469824322711,-50.55879235020039,1.132046420139865,-0.1868422819842435,-0.017594014148420784
-39.4619054713733,-165.24833733302398,-50.319436421749856,1.1359804571052752,-0.18785147015331718,-0.01694878871537057
-39.19627838447449,-164.62747403271527,-50.07123559423813,1.1400440241093088,-0.18888021087813767,-0.016278447208698695
-38.9142407603309,-163.98510871959462,-49.814471574442805,1.1442328178858858,-0.18992766330118516,-0.015583875349068849
-38.61613554065148,-163.32197055722793,-49.54943141523471,1.1485424932798356,-0.19099299194588645,-0.014865965607759647
-38.30231152243316,-162.63880105929422,-49.27640725931757,1.1529686737451281,-0.19207536847812515,-0.014125616268666496
-37.97312312526462,-161.93635345738528,-48.99569607961459,1.1575069616819804,-0.1931739733980863,-0.013363730507730277
-37.62893016249365,-161.21539206068982,-48.70759941599126,1.1621529485731943,-0.19428799765892885,-0.01258121549106578
-37.2700976130652,-160.47669160649986,-48.41242310793764,1.1669022249076744,-0.19541664421029148,-0.011778981490938832
-36.896995397087494,-159.72103660757605,-48.11047702556895,1.1717503898660884,-0.19655912946611323,-0.010957941023246306
-36.50999815366476,-158.94922068910938,-47.80207479627602,1.1766930607433055,-0.19771468469184064,-0.010119008001963775
-36.10948502008271,-158.16204592252006,-47.48753352980971,1.1817258820911578,-0.19888255731087184,-0.009263096916029015
-35.69583941375254,-157.36032215252044,-47.16717354058134,1.1868445345558876,-0.20006201212838068,-0.008391122025640314
-35.26944881540301,-156.544866319792,-46.84131806801544,1.1920447434016412,-0.2012523324721385,-0.007503996579162148
-34.8307045544019,-155.7165017807706,-46.51029299572586,1.1973222866844773,-0.20245282124647765,-0.006602632053425834
-34.38000159527731,-154.87605762091422,-46.17442656813094,1.2026730030809645,-0.20366280190032993,-0.005687937411745071
-33.91773832511176,-154.02436796739272,-45.83404910679527,1.2080927993457033,-0.20488161931297263,-0.004760818385660212
-33.44431634310269,-153.16227129788774,-45.48949272538419,1.2135776573817059,-0.20610864058735515,-0.0038221767769608256
-32.960140250117654,-152.29060974836935,-45.14109104433026,1.21912364091502,-0.207343255760407,-0.0028729097821321298
-32.4656174391801,-151.41022841797832,-44.78917890456205,1.2247269017649705,-0.20858487842602114,-0.0019139093363218038
-31.961157886925253,-150.52197467428624,-44.43409208159707,1.2303836856963897,-0.2098329462722876,-0.0009460614793768557
-31.447173945027682,-149.62669745815447,-44.076166999770074,1.236090337843314,-0.21108692153237824,2.9754256681344474e-05
-30.92408013235981,-148.725246587519,-43.71574044639821,1.2418433076984918,-0.21234629134987923,0.001012665440616083
-30.39229292705112,-147.81847206343127,-43.35314928714857,1.2476391536696032,-0.21361056806342468,0.002001807313978329
-29.852230558289047,-146.9072233776341,-42.988730182443305,1.253474547186295,-0.21487928940612788,0.0029963233418404834
-29.304312797932017,-145.992348820261,-42.62281930436353,1.259346276367407,-0.2161520186268473,0.003995365746189394
-28.74896075321244,-145.07469479160451,-42.25575205564188,1.2652512492239718,-0.21742834452527093,0.004998096016685856
-28.186596656534544,-144.155105116781,-41.887862790269146,1.2711864964317623,-0.21870788141965325,0.006003685404088863
-27.617643657035334,-143.23442036355502,-41.519484535910024,1.2771491736469958,-0.21999026903075877,0.007011315394913911
-27.042525610675572,-142.31347716497947,-41.15094871876071,1.2831365633693428,-0.22127517229310323,0.008020178165803079
-26.461666868991163,-141.39310754551536,-40.782584890376725,1.2891460763749978,-0.22256228109925436,0.0090294770226069
-25.87549206865354,-140.47413825412121,-40.41472045781963,1.2951752526983529,-0.22385130996835692,0.010038426819109212
-25.28442591886471,-139.5573901028319,-40.04768041659536,1.3012217621904523,-0.2251419976543876,0.011046254359714087
-24.688892987973446,-138.6436773099251,-39.681787086052324,1.3072834046480926,-0.2264341066865758,0.012052198786417846
-24.089317490469995,-137.73380685252687,-39.31735984909599,1.3133581095202451,-0.22772742284677144,0.013055511946977027
-23.48612307154721,-136.82857782651334,-38.95471489541756,1.3194439352179435,-0.2290217545959275,0.014055458748507652
-22.879732591640657,-135.92878081156556,-38.5941649674693,1.3255390680150818,-0.2303169324346714,0.01505131749680942
-22.270567909717816,-135.03519724816755,-38.23601911173685,1.3316418205656873,-0.23161280821869348,0.01604238021801028
-21.659049665424018,-134.14859882271026,-37.88058243383369,1.337750630052568,-0.23290925442434118,0.017027952967090434
-21.04559706151712,-133.26974686083327,-37.52815585756936,1.343864055965476,-0.23420616336072797,0.018007356122598458
-20.4306276438086,-132.3993917325226,-37.179035889197245,1.3499807775406378,-0.23550344634891826,0.018979924666496565
-19.814557081500162,-131.53827226716805,-36.83351438630117,1.3560995908594644,-0.23680103285198542,0.019945008450453376
-19.19779894645623,-130.68711517963146,-36.49187833153745,1.3622194056447505,-0.23809886957396234,0.020901972450887547
-18.58076449172163,-129.846634508237,-36.15440961175606,1.3683392417456322,-0.23939691952538356,0.021850197009423145
-17.96386242981486,-129.01753106407878,-35.82138480217165,1.374458225340543,-0.24069516105348207,0.0227890780618765
-17.347498710599798,-128.20049189421258,-35.493074956485685,1.380575584882906,-0.24199358685159417,0.02371802735502894
-16.7320762978129,-127.39618975594723,-35.16974540203056,1.3866906468002012,-0.24329220294497492,0.024636472653184326
-16.117994947134402,-126.60528260604774,-34.85165554127136,1.3928028309551121,-0.24459102765211058,0.0255438579311124
-15.505650983336531,-125.82841310372515,-34.53905865921797,1.39891164591068,-0.24589009053205185,0.02643964355748093
-14.89543707649051,-125.06620812629697,-34.23220173635882,1.4050166840036389,-0.24718943132213622,0.02732330646816101
-14.287742020193782,-124.3192783014216,-33.9313252685235,1.4111176162477113,-0.2484890988617452,0.02819434032778802
-13.6829505092084,-123.58821755335191,-33.636663092741905,1.417214187087587,-0.2497891500079051,0.02905225568155554
-13.081442918184736,-122.87360266430703,-33.348442219407765,1.4233062090282478,-0.251089648551604,0.02989658009799185
-12.483595080230254,-122.17599285282066,-33.06688267151831,1.4293935571575649,-0.25239066413489664,0.03072685830065021
-11.889778067030283,-121.49592936695993,-32.792197330071886,1.4354761635806832,-0.25369227116702414,0.03154265229138904
-11.300357971026859,-120.83393509444159,-32.52459178648929,1.4415540117840102,-0.254994547746749,0.032343541463819625
-10.715695686899105,-120.1905141899918,-32.264264202024336,1.4476271309616104,-0.2562975745998101,0.033129122707382844
-10.136146696409979,-119.56615171850517,-32.0114051736365,1.453695590309391,-0.2576014340209839,0.03389901050327602
-9.562060854048989,-118.9613133176925,-31.76619760780381,1.4597594933170426,-0.2589062088371363,0.03465283700974654
-8.993782175254191,-118.37644487581444,-31.528816600364664,1.4658189720744164,-0.2602119813842913,0.03539025214099302
-8.431648626494349,-117.81197222898788,-31.299429324249814,1.4718741816047032,-0.26151883250660424,0.03611092363465373
-7.875991917178601,-117.26830087637627,-31.078194924343272,1.4779252942668593,-0.2628268405812786,0.036814537113028255
-7.327137296403881,-116.7458157130302,-30.86526441935697,1.4839724942065642,-0.26413608056128907,0.03750079613374837
-6.785403350184533,-116.24488078241433,-30.660780611458527,1.4900159719190074,-0.26544662305563127,0.03816942223303998
-6.251101802753854,-115.76583904569813,-30.46487800257558,1.4960559189051255,-0.2667585334340159,0.03882015496072972
-5.724537322447494,-115.30901217313198,-30.277682719274154,1.5020925224527586,-0.26807187096408863,0.03945275190404815
-5.206007329311261,-114.87470035054108,-30.099312443578686,1.5081259605644415,-0.26938668798454507,0.040066988706823625
-4.695801807386843,-114.46318210752838,-29.929876352209963,1.51415639704057,-0.27070302911555755,0.04066265907773655
-4.194203122547895,-114.07471416592837,-29.76947506367402,1.5201839767270615,-0.2720209305046347,0.0412395747886539
-3.701485842383109,-113.70953130430047,-29.618200591520633,1.5262088209517612,-0.27334041911277746,0.041797565666962265
-3.217916562036883,-113.36784624401938,-29.476136305900148,1.532231023165375,-0.2746615120436596,0.04233647957852555
-2.743753735716936,-113.04984955472588,-29.343356902517158,1.5382506447799382,-0.27598421591091915,0.04285618240019395
-2.2792475112827666,-112.75570958033595,-29.219928379442003,1.544267711246137,-0.2773085262561088,0.04335655798398353
-1.8246395722012694,-112.48557238152571,-29.105908020176372,1.5502822083489411,-0.2786344270035514,0.043837508113919066
-1.3801629842831513,-112.23956170016508,-29.001344384975795,1.5562940787545168,-0.27996188996483484,0.04429895245207462
-0.9460420482237177,-112.01777894425976,-28.906277310016264,1.5623032188082493,-0.28129087438981576,0.04474082847451835
-0.5224921589537572,-111.82030318960247,-28.82073791278475,1.5683094755866736,-0.28262132656221967,0.045163091400062756
-0.10971966974369902,-111.64719120213607,-28.74474860519664,1.5743126442261903,-0.28395317944683657,0.04556571410901927
0.2920782337288282,-111.49847748096164,-28.67832311456553,1.5803124655065648,-0.28528635237403954,0.0459486870501409
0.682713656932702,-111.37417431868008,-28.621466510939083,1.5863086237334387,-0.28662075078777594,0.046312018141133324
1.0620081102974421,-111.2742718821631,-28.574175242072997,1.5923007448834061,-0.28795626602911323,0.046655732656392994
1.4297926146270954,-111.19873831146492,-28.536437175176438,1.598288395032272,-0.28929277516559504,0.046979873106313214
1.7859078027065876,-111.14751983862112,-28.508231645989163,1.6042710790865224,-0.2906301408814786,0.04728449910647558
2.130204009970926,-111.12054092495771,-28.489529514746728,1.6102482397759217,-0.291968211400866,0.04756968723460175
2.4625413589279166,-111.11770441613123,-28.480293228664763,1.6162192569504568,-0.2933068204623336,0.04783553088004478
2.782789835219196,-111.13889171634266,-28.480476891533137,1.6221834471508898,-0.2946457873407916,0.048082140080601236
3.090829355270934,-111.18396298026741,-28.490026339824347,1.6281400634580097,-0.29598491691083156,0.04830964134867531
3.3865498256867226,-111.25275732390185,-28.508879225748622,1.6340882956318736,-0.297323999754392,0.04851817748725434
3.669851194316796,-111.34509305091689,-28.53696510604086,1.6400272705136327,-0.2986628123115863,0.048707907395557776
3.9406434926494778,-111.46076789880644,-28.574205538006808,1.6459560526993937,-0.30000111707350546,0.04887900586151756
4.198846868674411,-111.59955930064473,-28.620514181302624,1.651873645476935,-0.3013386628114172,0.0490316633450745
4.444391611683597,-111.7612246639214,-28.675796905987852,1.6577789920191908,-0.3026751848485122,0.049166085749766934
4.677218168443455,-111.9455016658085,-28.739951906613527,1.6636709768223874,-0.30401040536751633,0.0492824941824051
4.897277148445021,-112.15210856532923,-28.812869822539902,1.669548427382159,-0.30534403375085023,0.04938112470117549
5.104529321504388,-112.38074453016995,-28.894433863581153,1.675410116102878,-0.3066757669565912,0.04946222805329412
5.298945606046888,-112.63108997948919,-28.98451994158365,1.6812547624289713,-0.30800528992797727,0.049526069401023866
5.480507047311657,-112.90280694193913,-29.08299680759246,1.6870810351744494,-0.30933227602921404,0.04957292803471459
5.6492047862357895,-113.19553942793107,-29.189726194271532,1.6928875550553777,-0.31065638750825747,0.04960309707553267
5.805040020150109,-113.50891381707218,-29.304562963883455,1.698672897421274,-0.3119772759936313,0.049616883167143674
5.948023952175525,-113.84253925796776,-29.427355260928284,1.7044355951314956,-0.3132945830032592,0.049614606154243526
6.078177732386804,-114.1960080826816,-29.557944670164147,1.7101741416070892,-0.31460794048210533,0.049596598750036296
6.1955323906413176,-114.56889623408458,-29.69616637939052,1.7158869940450174,-0.3159169713633241,0.0495632061942501
6.30012875692956,-114.96076370512236,-29.84184934677489,1.7215725767299248,-0.3172212901345508,0.049514785896812206
6.392017375565516,-115.37115499066869,-29.99481647279925,1.727229284487513,-0.3185205034301828,0.049451707071656185
6.471258408889156,-115.79959955117417,-30.154884776690587,1.7328554862448824,-0.3198142106341234,0.049374350360348526
6.53792153120884,-116.24561228699821,-30.321865576903356,1.7384495286594062,-0.3211020044892972,0.04928310744241826
6.59208581520473,-116.70869402377085,-30.49556467571545,1.7440097398461418,-0.32238347172254217,0.049178380637294475
6.6338396078480395,-117.18833200759768,-30.67578254769736,1.7495344331429967,-0.3236581936679267,0.04906058249364019
6.663280398302427,-117.68400041057289,-30.862314532039285,1.7550219109362046,-0.32492574690167764,0.048930135369445266
6.680514677726082,-118.19516084514976,-31.054951028371377,1.7604704685127333,-0.326185703877981,0.048787471001806935
6.685657789456996,-118.72126288690302,-31.253477695860525,1.7658783979144939,-0.32743763355949695,0.04863303006567936
6.67883377156311,-119.26174460614625,-31.45767565577038,1.7712439918089038,-0.3286811020529862,0.04846726172445899
6.660175191135699,-119.81603310671414,-31.66732169692132,1.7765655473344255,-0.32991567323721166,0.04829062317044973
6.629822970665819,-120.38354507185295,-31.882188483965894,1.781841369918359,-0.3311409093847449,0.04810357915650819
6.587926206953299,-120.96368731742237,-32.10204476870022,1.7870697770559272,-0.3323563717799125,0.04790660151920311
6.534641982761449,-121.55585735077182,-32.32665560369361,1.792249102026175,-0.33356162132456024,0.047700168693136175
6.470135170156929,-122.15944393415936,-32.55578255793312,1.7973776975303442,-0.3347562191291612,0.04748476521825713
6.394578228418335,-122.77382765563246,-32.789183935521706,1.8024539392669756,-0.33593972710024395,0.04726088123957907
6.308150994654908,-123.39838150315408,-33.02661499593957,1.807476229391918,-0.33711170850624234,0.04702901199904349
6.211040467976577,-124.0324714406361,-33.26782817530207,1.8124429998689595,-0.33827172852873255,0.04678965732321604
6.1034405879927105,-124.67545699176956,-33.512573310945996,1.8173527157135894,-0.33941935479981605,0.0465433211022902
5.985552007226406,-125.32669182428103,-33.76059786651986,1.8222038780965115,-0.340554157919641,0.04629051076543651
5.857581858444743,-125.98552433562867,-34.011647157967985,1.8269950272990971,-0.34167571195193003,0.046031736751309296
5.719743516987132,-126.65129824324201,-34.26546458163837,1.8317247455327297,-0.3427835949036022,0.04576751197382895
5.572256358358896,-127.32335317458794,-34.521791842783536,1.836391659583176,-0.34387738918166655,0.045498351284150376
5.41534551076934,-128.00102525775634,-34.780369184578,1.8409944432868968,-0.344956682023959,0.045224770930258396
5.249241605180056,-128.6836477145804,-35.04093561860513,1.845531819847479,-0.3460210659155397,0.04494728801393536
5.074180520375111,-129.37055145156253,-35.303229154955304,1.8500025639444992,-0.3470701389736475,0.04466641994537533
4.890403125098961,-130.06106565018598,-35.56698703247265,1.854405503662488,-0.3481035053113499,0.04438268389792518
4.698155018062656,-130.75451835841832,-35.83194595000877,1.8587395222353256,-0.349120775382361,0.04409659626148839
4.49768626484428,-131.45023707815218,-36.09784229654442,1.8630035595754206,-0.35012156629464586,0.04380867209680484
4.289251131852082,-132.1475493517449,-36.36441238143913,1.8671966136016969,-0.3511055020986195,0.043519424590172454
4.0731078206637905,-132.8457833465688,-36.63139266441189,1.8713177413752577,-0.3520722140613883,0.043229364510627234
3.849518198985368,-133.54426843518416,-36.89851998434686,1.875366060007398,-0.3530213409052897,0.0429389996691368
3.618747531219497,-134.24233577373093,-37.1655317878501,1.8793407473730033,-0.35395252902636826,0.04264883438105252
3.3810642095423127,-134.93931887531542,-37.432166356427,1.8832410426073012,-0.3548654326930305,0.042359368932478006
3.1367394834154068,-135.63455417882173,-37.698163032301956,1.8870662463913812,-0.3557597142155998,0.04207109905170524
2.8860471894135045,-136.32738161480637,-37.96326244363935,1.8908157210421508,-0.3566350440956822,0.04178451538601904
2.629263481795537,-137.01714516500513,-38.22720672779658,1.8944888903753365,-0.35749110115304866,0.04150010298292301
2.366666564766261,-137.7031934150647,-38.48973975232414,1.8980852393833523,-0.35832757263161563,0.041218340781697865
2.0985364247024267,-138.3848801039828,-38.75060733521941,1.9016043137090743,-0.3591441542843748,0.040939701109714136
1.8251545641812936,-139.06156466572855,-39.0095574625833,1.9050457189133536,-0.3599405504375599,0.0406646491869891
1.546803738940839,-139.7326127630741,-39.26634050361392,1.9084091195724828,-0.3607164740371228,0.04039364264333958
1.2637676957752164,-140.39739681767588,-39.52070942462384,1.911694238176199,-0.36147164667785386,0.04012713104008833
0.9763309137620407,-141.05529652851632,-39.772419998915495,1.9149008538424215,-0.36220579861201435,0.039865555405694426
0.6847783487144079,-141.70569938524903,-40.02123101495419,1.9180288008883977,-0.36291866874938583,0.03960934778314293
0.3893951791772521,-142.34800117307856,-40.26690448169089,1.921077967207852,-0.3636100046340579,0.03935893078577965
0.09046655804099758,-142.9816064677065,-40.509205830309554,1.9240482925072884,-0.36427956241367665,0.039114717168195604
-0.21172263328041577,-143.60592912390143,-40.7479041137224,1.9269397664059937,-0.3649271067984616,0.038877109409214315
-0.5168880272776555,-144.22039275178918,-40.982772201615035,1.9297524263770627,-0.36555241100051084,0.03864649930901668
-0.8247460068347514,-144.8244311864084,-41.21358697305333,1.9324863555833685,-0.3661552566741503,0.0384232675998299
-1.135013939080736,-145.41748894615432,-41.440129504986125,1.9351416805799375,-0.3667354338394457,0.03820778357112906
-1.4474104031288284,-145.99902168097418,-41.6621852568577,1.9377185689266123,-0.3672927408057804,0.038000404711953026
-1.761655413380586,-146.56849661091564,-41.87954425165273,1.940217226694569,-0.36782698408555214,0.03780147636683027
-2.077470638616028,-147.1253929539982,-42.092001252853734,1.942637895888535,-0.36833797830306225,0.037611331408203434
-2.3945796142389013,-147.66920234283484,-42.29935593700295,1.944980851810892,-0.3688255461065564,0.037430289927123224
-2.7127079503327214,-148.19942922958361,-42.50141306184126,1.9472464003429035,-0.3692895180695459,0.03725865893895129
-3.031583533778672,-148.71559128069924,-42.69798263031248,1.9494348752032347,-0.36972973259960373,0.03709673210847797
-3.3509367251108295,-149.2172197599733,-42.88888005001681,1.951546635154089,-0.37014603584497485,0.03694478949082158
-3.6705005481385804,-149.70385989784714,-43.0739262872731,1.9535820611762666,-0.3705382816026825,0.036803097290937586
-3.990010875885919,-150.17507125079686,-43.2529480169772,1.9555415536572072,-0.37090633122993305,0.036671907643164886
-4.309206609186837,-150.63042804740638,-43.42577776726072,1.9574255295544403,-0.3712500535619046,0.036551458406641806
-4.627829848677948,-151.06951952247664,-43.59225405918868,1.9592344195861644,-0.3715693248353752,0.03644197298053692
-4.9456260632857925,-151.4919502373281,-43.75222154080321,1.9609686654330878,-0.371864028612232,0.03634366013856815
-5.262344249012033,-151.89734038705245,-43.90553111582176,1.9626287169873189,-0.37213405572085234,0.03625671388288094
-5.577737085076896,-152.28532609766933,-44.05204006802566,1.9642150296443661,-0.37237930419722237,0.036181313314379265
-5.891561081863979,-152.65555970555027,-44.19161217836977,1.9657280616448558,-0.3725996792385111,0.03611762252494027
-6.2035767228680845,-153.00771002665059,-44.32411783770662,1.9671682715019445,-0.37279509316912907,0.036065790507502415
-6.513548601444379,-153.34146261022534,-44.44943415304612,1.9685361154916432,-0.37296546541226,0.03602595108521327
-6.821245550937801,-153.65651997988127,-44.56744504833236,1.9698320452454812,-0.37311072247584737,0.03599822285961224
-7.126440769195317,-153.95260186070186,-44.678041359377254,1.9710565054345044,-0.3732307979502232,0.03598270917679782
-7.428911936011517,-154.22944539050428,-44.78112092198436,1.9722099315659811,-0.3733256325179967,0.035979498113978645
-7.728441326784256,-154.48680531933655,-44.87658865498627,1.9732927479009454,-0.37339517397329136,0.035988662483232015
-8.024815918222256,-154.7244541929002,-44.964356636359916,1.9743053654925617,-0.3734393772596024,0.03601025985345755
-8.317827488538443,-154.94218252222043,-45.044344173439974,1.975248180366222,-0.37345820451940626,0.03604433259087179
-8.607272714611263,-155.13979893778819,-45.116477866421086,1.9761215718257503,-0.37345162514951286,0.036090907916972295
-8.892953260718135,-155.3171303302894,-45.180691665876466,1.976925900930874,-0.37341961587932937,0.03614999798430131
-9.174675861840427,-155.47402197587618,-45.23692692377196,1.977661509116353,-0.37336216086207974,0.03622159996858691
-9.452252404551821,-155.61033764532462,-45.28513243736941,1.978328716957457,-0.3732792517682734,0.0363056961776666
-9.725499999969328,-155.7259597007662,-45.32526448754879,1.9789278231347165,-0.37317088790477165,0.036402254177661644
-9.994241052267855,-155.8207891747102,-45.35728686970329,1.9794591035352067,-0.37303707634223965,0.036511226933872244
-10.258303323354157,-155.89474583472304,-45.381170918195515,1.979922810534511,-0.37287783204870784,0.036632552967418505
-10.51751999160151,-155.94776823431755,-45.39689552466645,1.9803191724744247,-0.37269317804643676,0.03676615652768893
-10.771729706491696,-155.97981374589668,-45.40444714881049,1.980648393283738,-0.3724831455699257,0.036911947777777517
-11.020776638610732,-155.9908585803334,-45.40381982305364,1.9809106523028681,-0.37224777423974453,0.03706982299488785
-11.264510525229577,-155.98089779042084,-45.39501515033321,1.9811061042828413,-0.3719871122486652,0.0372396647845454
-11.502786712370073,-155.94994525858849,-45.37804229499067,1.9812348795499781,-0.37170121654803695,0.0374213423061018
-11.735466191289657,-155.8980336694384,-45.352917967019486,1.9812970843718412,-0.37139015305511053,0.03761471151302034
-11.962415632546769,-155.8252144671538,-45.319666399836564,1.981292801481749,-0.3710539968591014,0.037819615402686496
-12.183507415940857,-155.73155779672305,-45.27831932092809,1.981222090784486,-0.37069283243684,0.0380358842786278
-12.398619655734128,-155.6171524298754,-45.228915916001014,1.9810849902360639,-0.3703067538770871,0.03826333602331517
-12.607636224230548,-155.48210567524114,-45.17150278629521,1.9808815168859282,-0.3698958651035128,0.0385017763810957
-12.810446769722056,-155.32654327401542,-45.106133899589665,1.980611668096969,-0.36946028011181614,0.03875099925046927
-13.006946733412656,-155.15060927910798,-45.032870534268646,1.9802754229068005,-0.36900012319831915,0.03901078698489597
-13.197037362151828,-154.95446591880392,-44.951781216696155,1.9798727435578034,-0.3685155291971339,0.03928091070354442
-13.38062571681756,-154.73829344640578,-44.86294165263069,1.97940357717419,-0.36800664372120423,0.03956113060761968
-13.55762468086979,-154.50228997337592,-44.76643465171121,1.9788678575699918,-0.36747362339310324,0.03985119630498369
-13.727952963715495,-154.2466712868562,-44.66235004531985,1.9782655072039181,-0.3669166360813717,0.04015084714247797
-13.891535101364076,-153.97167065343572,-44.55078459867239,1.9775964392585914,-0.3663358611354794,0.040459812542441395
-14.048301456007065,-153.67753860723963,-44.43184191639005,1.9768605598333968,-0.36573148961077445,0.040777812345313316
-14.19818821253722,-153.36454272261025,-44.30563234166073,1.9760577702525257,-0.3651037244908289,0.041104557158151415
-14.341137371063262,-153.0329673736968,-44.17227284996677,1.9751879694828713,-0.36445278091021804,0.04143974870626741
-14.477096738947763,-152.6831134755968,-44.03188693534342,1.9742510566184388,-0.36377888635680405,0.041783080190015434
-14.60601992111272,-152.3152982164304,-43.8846044928007,1.9732469334759395,-0.36308228087364847,0.042134236643411614
-14.727866304843419,-151.92985477058804,-43.73056169317296,1.972175507250729,-0.3623632172542601,0.04249289529738223
-14.842601045514112,-151.5271319991907,-43.56990085285823,1.9710366932279018,-0.3616219612181433,0.04285872594440685
-14.950195050358088,-151.10749413827574,-43.402770298567646,1.969830417557209,-0.3608587915771004,0.04323139130499993
-15.050624956855515,-150.67132047003392,-43.22932422538164,1.968556620061341,-0.3600740003929758,0.043610547396800356
-15.143873112004782,-150.21900498365,-43.04972255071222,1.9672152570759698,-0.35926789311681206,0.043995843902902274
-15.229927549595645,-149.75095602072628,-42.864130762188424,1.9658063043053449,-0.3584407887103476,0.04438692454268954
-15.308781963914813,-149.26759590856577,-42.67271976084621,1.9643297596926927,-0.3575930197549341,0.044783427442414016
-15.380435681369228,-148.76936058006729,-42.47566569918738,1.9627856462750608,-0.35672493254378307,0.04518498550468689
-15.44489363204705,-148.25669918275375,-42.273149815052335,1.9611740150353725,-0.35583688715212486,0.04559122677827307
-15.502166317592195,-147.73007367309788,-42.06535825990283,1.959494947722309,-0.3549292574900323,0.04600177482830877
-15.5522697776287,-147.18995840038258,-41.85248192324485,1.9577485596216184,-0.35400243133256143,0.0464162491025368
-15.595225554048458,-146.63683967995377,-41.63471625304644,1.9559350023042976,-0.3530568103345388,0.04683426529866061
-15.631060652866738,-146.07121535290585,-41.41226107120286,1.954054466294608,-0.35209281001993237,0.04725543572960503
-15.659807505230228,-145.4935943361779,-41.18532038549563,1.9521071836632933,-0.35111085974401923,0.04767936968510315
-15.681503925071192,-144.90449616352802,-40.95410219827493,1.9500934305659432,-0.3501114026425724,0.048105673792867516
-15.696193064999433,-144.30445051274503,-40.71881831023238,1.9480135296616092,-0.3490948955497405,0.04853395237753041
-15.703923369916733,-143.6939967263434,-40.47968412192711,1.9458678524452875,-0.3480618088940625,0.048963807815372816
-15.704748529157241,-143.0736833227409,-40.236918431988336,1.9436568214737684,-0.3470126265702572,0.04939484088735266
-15.698727425430402,-142.44406749557643,-39.9907432312267,1.9413809124517925,-0.345947845784104,0.04982665112937651
-15.685924081496628,-141.80571460842583,-39.74138349536717,1.9390406562097275,-0.3448679768751878,0.050258837178077
-15.666407605485691,-141.15919767865847,-39.48906697398267,1.9366366405336897,-0.34377354310983566,0.05069099711528607
-15.640252133103267,-140.5050968550512,-39.23402397756028,1.9341695118494981,-0.3426650804502915,0.0511227288073868
-15.607536766300017,-139.84399888743178,-38.976487162020824,1.9316399767579877,-0.3415431373002074,0.05155363024239197
-15.568345511979706,-139.17649659097344,-38.71669131161709,1.9290488034061675,-0.3404082742182248,0.05198329986231705
-15.522767216072229,-138.5031883031951,-38.45487311958458,1.9263968226950294,-0.33926106361099445,0.052411336892832824
-15.47089549528129,-137.82467733509756,-38.191270967129874,1.9236849293081444,-0.3381020893970348,0.052837341668673425
-15.412828667434693,-137.14157141884664,-37.92612470158497,1.9209140825746556,-0.33693194664567105,0.05326091595559958
-15.348669677309296,-136.4544821486258,-37.65967541257909,1.918085307132354,-0.3357512411897185,0.05368166326779811
-15.27852602106749,-135.76402441931975,-37.39216520792316,1.9151996934179143,-0.33456058921436754,0.05409918918187829
-15.202509667450556,-135.07081586064066,-37.123836988313016,1.912258397963807,-0.33336061681910834,0.05451310164738468
-15.120736975747661,-134.37547626768395,-36.85493422134307,1.9092626434890234,-0.3321519595542175,0.05492301129212227
-15.033328611707397,-133.67862703063588,-36.58570071573729,1.9062137188135169,-0.3309352619371768,0.05532853172486102
-14.940409459603698,-132.9808905619778,-36.316380395260325,1.9031129785613818,-0.32971117694099467,0.055729279832266464
-14.842108531498093,-132.2828897205211,-36.04721707199887,1.8999618426688014,-0.3284803654622957,0.0561248760744175
-14.738558875062553,-131.58524723711196,-35.778454220925944,1.896761795687809,-0.3272434957626572,0.05651494477349669
-14.629897475636923,-130.88858513986605,-35.51033475489217,1.8935143859078802,-0.32600124289618015,0.05689911439995327
-14.516265157329533,-130.19352417753032,-35.24310079948333,1.8902212242590135,-0.32475428810937385,0.05727701785490196
-14.397806480808676,-129.5006832461732,-34.97699346978079,1.886883983028535,-0.32350331822156403,0.057648292747150526
-14.27466963675494,-128.81067881606384,-34.71225264779158,1.8835043943883258,-0.3222490249903181,0.058012581667732495
-14.147006338294728,-128.12412436107334,-34.44911676140454,1.8800842487193057,-0.32099210445375326,0.058369532458947
-14.014971708540056,-127.44162979038542,-34.187822564864405,1.8766253927562486,-0.31973325625965454,0.05871879848016997
-13.87872416586481,-126.76380088384374,-33.928604921156136,1.8731297275503995,-0.3184731829762134,0.059060038869501
-13.738425306310312,-126.09123873085468,-33.67169658631436,1.8695992062492246,-0.3172125893881259,0.05939291880101764
-13.594239782786739,-125.42453917260984,-33.417327995610584,1.866035831696358,-0.31595218177772133,0.059717109738169086
-13.446335180639014,-124.76429225104425,-33.16572705274904,1.8624416538829092,-0.31469266719784394,0.06003228968326193
-13.294881891876207,-124.11108166249494,-32.917118921460045,1.8588187672161558,-0.3134347527263464,0.06033814342130424
-13.140052985014632,-123.46548421587548,-32.67172581929592,1.8551693076464595,-0.3121791447148244,0.06063436276249201
-12.98202407176923,-122.82806929916,-32.429766815062315,1.851495449645695,-0.31092654803079933,0.06092064677803516
-12.820973173093813,-122.19939835349766,-32.19145762963899,1.8477994030466627,-0.3096776652858388,0.061196702032001796
-12.657080580391709,-121.58002435228099,-31.95701043921955,1.8440834097453733,-0.3084331960603741,0.061462242810107995
-12.490528714147544,-120.97049129006837,-31.726633682636667,1.840349740288597,-0.30719383612741286,0.061716991343038784
-12.321501982053388,-120.37133368106907,-31.500531872776328,1.8366006903532204,-0.30596027666663994,0.06196067802591552
-12.150186632109289,-119.78307606412254,-31.278905410964857,1.8328385771060376,-0.3047332034789445,0.06219304163285747
-11.976770603740775,-119.20623251971585,-31.061950406176898,1.8290657354907824,-0.3035132962054395,0.06241382952721667
-11.801443378580865,-118.64130619634997,-30.849858498248988,1.8252845144183607,-0.3023012275377289,0.06262279786696685
-11.624395826962688,-118.08878884634053,-30.642816685042362,1.8214972728865095,-0.30109766243744546,0.06281971180610053
-11.445820052918696,-117.54916037460976,-30.441007154814507,1.8177063760410712,-0.2999032573578791,0.0630043456896089
-11.265909236706303,-117.02288839732773,-30.24460712265823,1.8139141911893648,-0.2987186594715837,0.06317648324568241
-11.084857476985283,-116.51042781385172,-30.053788672334903,1.8101230837646174,-0.29754450590274206,0.06333591777075068
-10.902859629752017,-116.01222038942305,-29.868718602383606,1.8063354132658178,-0.2963814229690042,0.06348245231092002
-10.72011114526582,-115.52869435231361,-29.689558278008153,1.8025535291883974,-0.2952300254355599,0.06361589983737949
-10.536807905864759,-115.06026400246596,-29.51646348758417,1.7987797669318364,-0.29409091577355545,0.06373608341681436
-10.353146059763057,-114.60732933515601,-29.349584305025445,1.795016443727064,-0.29296468343878146,0.0638428363754743
-10.169321854995223,-114.17027567813716,-29.189064957495912,1.7912658545800197,-0.2918519041613394,0.06393600245859637
-9.985531472328478,-113.74947334069658,-29.035043697818264,1.7875302682264218,-0.2907531392474122,0.06401543598418229
-9.801970857253652,-113.34527728183966,-28.887652684290245,1.783811923145177,-0.2896689349017182,0.0640810019884985
-9.618835550540743,-112.95802678927245,-28.747017864722118,1.7801130236171137,-0.28859982156883535,0.06413257636904562
-9.43632051869268,-112.58804517488467,-28.613258866882195,1.7764357358339178,-0.28754631329123664,0.06417004601838137
-9.254619985284194,-112.23563948676545,-28.486488895312764,1.7727821840894542,-0.28650890708655424,0.06419330895242313
-9.07392725894812,-111.90110023502486,-28.36681463345727,1.7691544470515157,-0.28548808235298345,0.06420227443264563
-8.89443456496018,-111.58470113503117,-28.25433615250347,1.7655545541182487,-0.28448430029007504,0.06419686308041324
-8.716332874707364,-111.28669886533021,-28.149146825796464,1.7619844818845505,-0.28349800334772685,0.06417700698611396
-8.539811735105701,-111.00733284390884,-28.05133325028477,1.7584461507236249,-0.28252961470380233,0.06414264980940175
-8.365059100941245,-110.74682501964323,-27.960975173819676,1.754941421469756,-0.281579537759863,0.06409374687195954
-8.19226116473804,-110.50537967996843,-27.87814542848425,1.7514720922557632,-0.28064815567210116,0.06403026524549117
-8.021602190818653,-110.28318327691125,-27.802909871016617,1.7480398954668763,-0.2797358309021414,0.06395218382887813
-7.853264346872618,-110.08040426936559,-27.735327329340887,1.744646494856649,-0.27884290480877294,0.06385949341917754
-7.687427539673626,-109.89719298243494,-27.67544955551747,1.7412934828092177,-0.27796969725873216,0.06375219677486149
-7.5242692513763725,-109.73368148362133,-27.623321185161537,1.7379823777475347,-0.27711650626901235,0.06363030866898277
-7.363964375484351,-109.58998347728999,-27.578979703632495,1.7347146217433247,-0.2762836076910203,0.0634938559370712
-7.206685058688228,-109.46619421637479,-27.542455418783177,1.7314915782641038,-0.2754712549114357,0.06334287751321023
-7.052600539325773,-109.36239043011166,-27.513771439753747,1.7283145301190286,-0.27467967860074094,0.06317742445973949
-6.901876993296923,-109.27863027029679,-27.492943662688155,1.7251846775776771,-0.27390908648113516,0.06299755998764955
-6.7546773793358605,-109.21495327562334,-27.479980763261906,1.7221031366814912,-0.27315966313509055,0.06280335946668801
-6.611161285912802,-109.17138035216016,-27.474884195277745,1.7190709377482147,-0.27243156984996403,0.06259491042769404
-6.471484784353687,-109.14791377120181,-27.477648195738475,1.7160890240597162,-0.2717249444883469,0.06237231255552103
-6.335800281864744,-109.14453718607979,-27.48825979709447,1.713158250758255,-0.27103990139887774,0.062135677671164034
-6.204256377198386,-109.16121566408535,-27.506698845060228,1.7102793839413428,-0.2703765313624516,0.06188512970638593
-6.0769977231694225,-109.19789573634127,-27.532938023245286,1.7074530999367241,-0.26973490156273905,0.06162080466657988
-5.954164889394964,-109.25450546746416,-27.56694288516247,1.704679984808263,-0.26911505560267657,0.0613428505836718
-5.835894227566058,-109.33095453640544,-27.608671890363407,1.7019605340439703,-0.2685170135515898,0.061051427462329236
-5.722317744904091,-109.42713433938013,-27.658076448962152,1.699295152437067,-0.26794077201843375,0.06074670721117768
-5.6135629774388915,-109.54291810838906,-27.715100971895794,1.696684154192645,-0.267386304270874,0.060428873567004375
-5.5097528686955535,-109.67816104321196,-27.7796829262681,1.694127763202842,-0.26685356037721214,0.060098122008492655
-5.411005652538867,-109.83270046387815,-27.8517528983731,1.6916261135370467,-0.26634246738876455,0.05975465965781425
-5.317434741029043,-110.00635597735837,-27.931234662048237,1.6891792501168854,-0.26585292954820455,0.05939870517310109
-5.22914861515102,-110.19892965961304,-28.018045252750127,1.6867871295778398,-0.2653848285338216,0.059030488629912455
-5.146250720582061,-110.41020625408615,-28.1120950478417,1.6844496213244742,-0.2649380237367347,0.05865025139285787
-5.068839370004045,-110.63995338668397,-28.21328785305962,1.6821665087560485,-0.264512352560121,0.05825824597464251
-4.997007647710838,-110.88792179443432,-28.321520994100435,1.679937490673954,-0.2641076307562118,0.05785473588597356
-4.930843319547415,-111.15384556923011,-28.43668541388199,1.6777621828646614,-0.2637236527934421,0.05743999547563478
-4.870428749931498,-111.43744241790756,-28.558665775999017,1.6756401198280682,-0.26336019224137963,0.057014309756058826
-4.815840822358511,-111.73841393486136,-28.687340572825626,1.6735707566869764,-0.26301700219101654,0.0565779742229667
-4.767150863531168,-112.05644588947527,-28.82258223927945,1.671553471235047,-0.2626938157046874,0.0561312946609834
-4.724424576710265,-112.39120852838838,-28.964257272134816,1.6695875661278938,-0.2623903462798483,0.055674586938908206
-4.687721977826498,-112.74235688956918,-29.112226353825367,1.6676722712160312,-0.26210628834404237,0.05520817679593702
-4.657097336878441,-113.10953113023348,-29.26634448152054,1.665806746004518,-0.26184131777441594,0.05473239961619768
-4.632599125864775,-113.49235686811221,-29.42646110117672,1.6639900822340503,-0.26159509243484647,0.05424760019261284
-4.614269972412239,-113.89044553471422,-29.592420246262773,1.6622213065657825,-0.26136725273337585,0.05375413247987591
-4.602146618453401,-114.30339474049978,-29.764060680938087,1.6604993833838066,-0.26115742220374083,0.05325235933912647
-4.596259883820459,-114.73078865246508,-29.941216047966172,1.6588232176864137,-0.26096520810240903,0.05274265227044717
-4.59663463756284,-115.17219838246763,-30.123715020801598,1.6571916580512183,-0.2607902020196652,0.05222539113533926
-4.603289773605346,-115.62718238622449,-30.31138145969492,1.655603499689126,-0.26063198051010117,0.05170096387083918
-4.616238191579104,-116.09528687488418,-30.5040345726217,1.6540574875710903,-0.2604901057392568,0.05116976619231321
-4.635486785137382,-116.57604623384478,-30.701489079079316,1.6525523195852272,-0.2603641261358137,0.05063220128689579
-4.6610364347660385,-117.06898345360263,-30.903555378447187,1.6510866497677656,-0.2602535770623817,0.05008867949834434
-4.692882006356877,-117.5736105698493,-31.11003972194129,1.6496590915641927,-0.26015798149501185,0.04953961800173289
-4.7310123564866275,-118.08942911047359,-31.320744387266416,1.6482682211062039,-0.2600768507078538,0.04898544047016147
-4.775410341517462,-118.61593055422206,-31.535467857774854,1.6469125805298406,-0.26000968497362975,0.04842657673177345
-4.826052834680962,-119.15259679506758,-31.754005003913342,1.6455906812796464,-0.25995597426069805,0.04786346241869954
-4.8829107472155,-119.69890061502959,-31.976147267906793,1.6443010074237658,-0.2599151989407788,0.0472965386078781
-4.945949054891763,-120.25430616479167,-32.20168285152836,1.6430420189675046,-0.2598868305031884,0.04672625145459019
-5.015126832120657,-120.81826945033461,-32.430396906278645,1.641812155127433,-0.2598703322618283,0.04615305181718241
-5.090397288253529,-121.39023882688252,-32.6620717264086,1.6406098375981628,-0.2598651600751176,0.04557739487504703
-5.1717078120896,-121.96965549799393,-32.896486944031906,1.6394334737716774,-0.25987076305836454,0.04499973974029495
-5.2590000208254475,-122.55595402009851,-33.1334197264027,1.6382814599089355,-0.25988658429407213,0.04442054906208877
-5.352209813307956,-123.14856281307853,-33.37264497560069,1.6371521842681065,-0.2599120615454876,0.04384028862476855
-5.451267429886888,-123.74690467491197,-33.613935529863156,1.6360440301684704,-0.25994662796282164,0.04325942694098458
-5.5560975155871475,-124.35039730057686,-33.85706236669311,1.634955378981807,-0.25998971278648686,0.04267843483802071
-5.666619190330858,-124.95845380399327,-34.101794807157475,1.6338846130486921,-0.26004074204020455,0.04209778504092097
-5.78274612245479,-125.57048324448104,-34.3479007220732,1.632830118514789,-0.2600991392236456,0.041517951749504955
-5.904386606605985,-126.18589115617955,-34.59514673941522,1.6317902880776518,-0.2601643259937894,0.040939410210887706
-6.031443647520464,-126.80408007826077,-34.84329845210188,1.6307635236355311,-0.26023572283699364,0.040362636290369305
-6.163815048164621,-127.42445008854719,-35.09212062723081,1.6297482388340108,-0.26031274973253715,0.039788106037352666
-6.301393500743174,-128.04639933854523,-35.341377415855895,1.6287428615112043,-0.26039482680552534,0.039216295248560254
-6.444066682884418,-128.66932458920903,-35.59083256322647,1.6277458360286168,-0.2604813749687313,0.03864767902954035
-6.591717359074292,-129.292621747079,-35.84024961923684,1.6267556254775115,-0.2605718165491773,0.03808273135388969
-6.7442234833587,-129.91568640240766,-36.08939214962545,1.6257707137850108,-0.26066557590901984,0.03752192462078592
-6.901458307930461,-130.53791436394692,-36.338023946064325,1.6247896076778867,-0.26076208004334106,0.03696572921342257
-7.063290494330809,-131.15870219626166,-36.585909237230105,1.6238108385306866,-0.26086075917199003,0.036414613054703324
-7.229584229407681,-131.77744775529516,-36.832812899248424,1.6228329640789547,-0.26096104731172,0.03586904116351633
-7.400199342528788,-132.39355072007257,-37.078500664720565,1.6218545700047051,-0.26106238283492006,0.03532947521393546
-7.574991427200219,-133.0064131252332,-37.322739332082946,1.620874271389354,-0.2611642090130877,0.0347963730931195
-7.7538119668857854,-133.61543989117456,-37.56529697406554,1.6198907140304661,-0.26126597454141137,0.03427018846117441
-7.936508460534966,-134.22003934947304,-37.80594314435422,1.6189025756305095,-0.2613671340519232,0.03375137031496026
-8.122924554594814,-134.81962376680679,-38.04444908368272,1.6179085668391608,-0.26146714860302794,0.03324036255280235
-8.31290017452759,-135.41360986572874,-38.280587924649794,1.616907432173844,-0.26156548615890884,0.032737603542387146
-8.506271660319666,-136.0014193389543,-38.514134894091974,1.6158979507948972,-0.26166162204389365,0.032243525694314996
-8.702871904118291,-136.58247936237464,-38.74486751482681,1.6148789371644687,-0.26175503938747047,0.031758555038778544
-8.902530489605567,-137.15622310243035,-38.97256580523623,1.6138492415568806,-0.2618452295456308,0.031283110805216244
-9.105073833512161,-137.72209021651474,-39.197012476075805,1.6128077504541498,-0.26193169250608256,0.030817605011435798
-9.310325328870723,-138.2795273500185,-39.4179931258818,1.6117533868032585,-0.2620139372757332,0.03036244205426639
-9.518105490679778,-138.8279886277001,-39.635296434110984,1.61068511016292,-0.2620914822506713,0.029918018308507252
-9.728232101624311,-139.366936136346,-39.84871435079258,1.6096019167221756,-0.26216385556816857,0.029484721733401102
-9.940520360511384,-139.89584040328867,-40.05804228444592,1.6085028392035639,-0.26223059543945515,0.029062931484308344
-10.154783031771416,-140.4141808669043,-40.26307928676086,1.6073869466577895,-0.2622912504664881,0.02865301753369471
-10.370830595619141,-140.9214463393975,-40.46362823414987,1.6062533441421214,-0.2623453799390162,0.02825534029916235
-10.588471399648078,-141.41713546270566,-40.65949600642294,1.60510117230664,-0.2623925541171379,0.027870250281007702
-10.80751181101521,-141.9007571558031,-40.85049366197335,1.6039296068713382,-0.26243235449365504,0.027498087707611384
-11.027756369514849,-142.37183105378506,-41.036436609595526,1.60273785801747,-0.26246437404046524,0.027139182191254538
-11.249007942100272,-142.82988793698848,-41.217144776180675,1.6015251696808874,-0.26248821743609024,0.026793852393836984
-11.471067876314878,-143.27447015350506,-41.39244277163428,1.600290818778684,-0.2625035012813445,0.026462405701694742
-11.693736155167212,-143.7051320304497,-41.562160049222705,1.5990341143449172,-0.26250985429391277,0.026145137911219755
-11.916811553277356,-144.12144027436864,-41.72613106141209,1.5977543965924483,-0.26250691748493626,0.025842332926500435
-12.14009179138199,-144.52297436520934,-41.88419541294235,1.596451035931489,-0.2624943443276194,0.025554262466526857
-12.363373691663126,-144.90932693564145,-42.036198007949025,1.5951234319102683,-0.26247180090352074,0.025281185785876927
-12.586453334335951,-145.28010414232057,-42.18198919368769,1.5937710121009006,-0.2624389660325784,0.025023349404508986
-12.809126212456407,-145.63492602565077,-42.321424899416726,1.5923932309577709,-0.2623955313939482,0.024780986851972664
-13.031187387827547,-145.97342685713733,-42.454366770217156,1.5909895686226792,-0.26234120162820174,0.024554318423675364
-13.252431646013575,-146.29525547619016,-42.580682296386314,1.5895595296952871,-0.2622756944240145,0.024343550947848375
-13.472653651622636,-146.60007561476496,-42.70024493772981,1.5881026419887472,-0.2621987405941109,0.02414887756757088
-13.691648103372676,-146.88756620946157,-42.81293424269617,1.5866184552505662,-0.2621100841349337,0.023970477533932923
-13.90920988768458,-147.15742170037277,-42.91863596201147,1.5851065398795168,-0.26200948227264836,0.02380851601412285
-14.125134233279198,-147.4093523196499,-43.0172421579311,1.5835664856344969,-0.26189670549959576,0.023663143910712493
-14.339216864460779,-147.64308436388853,-43.10865130691499,1.5819979003318896,-0.2617715375922425,0.023534497695824802
-14.551254153955892,-147.85836045514046,-43.19276839749179,1.5804004085569185,-0.2616337756196033,0.023422699258230855
-14.761043275065234,-148.05493978801945,-43.26950502235526,1.5787736503848995,-0.2614832299416171,0.02332785576429215
-14.968382353539113,-148.23259836233015,-43.33877946452486,1.577117280110206,-0.26131972419112953,0.023250059532242413
-15.17307061807815,-148.3911292027342,-43.400516778064855,1.5754309650049616,-0.26114309524723345,0.0231893879198903
-15.374908550724099,-148.53034256297184,-43.45464886246878,1.5737143841023364,-0.2609531931960295,0.023145903227303977
-15.573698036732786,-148.6500661160828,-43.501114531287584,1.5719672270017715,-0.26074988127942333,0.02311965261134387
-15.769242511779733,-148.7501451300992,-43.53985957470774,1.570189192729148,-0.2605330358361809,0.0231106680155743
-15.96134711065926,-148.8304426288154,-43.57083681603753,1.5683799886213439,-0.26030254622890814,0.023118966112492957
